Departamento,Provincia,Distrito,No Pobre,Pobre,Pobre extremo
ANCASH,HUARAZ,HUARAZ,76573,143161,86994
ANCASH,HUARAZ,COCHABAMBA,7,196,460
ANCASH,HUARAZ,COLCABAMBA,21,87,73
ANCASH,HUARAZ,HUANCHAY,15,320,435
ANCASH,HUARAZ,INDEPENDENCIA,8186,5228,3156
ANCASH,HUARAZ,JANGAS,397,679,423
ANCASH,HUARAZ,LA LIBERTAD,39,358,106
ANCASH,HUARAZ,OLLEROS,69,449,329
ANCASH,HUARAZ,PAMPAS,16,227,209
ANCASH,HUARAZ,PARIACOTO,178,323,965
ANCASH,HUARAZ,PIRA,117,639,588
ANCASH,HUARAZ,TARICA,381,986,542
ANCASH,AIJA,AIJA,164,209,172
ANCASH,AIJA,CORIS,19,308,215
ANCASH,AIJA,HUACLLAN,11,77,51
ANCASH,AIJA,LA MERCED,74,245,411
ANCASH,AIJA,SUCCHA,5,114,114
ANCASH,ANTONIO RAYMONDI,LLAMELLIN,74,600,256
ANCASH,ANTONIO RAYMONDI,ACZO,31,393,117
ANCASH,ANTONIO RAYMONDI,CHACCHO,26,128,296
ANCASH,ANTONIO RAYMONDI,CHINGAS,57,394,142
ANCASH,ANTONIO RAYMONDI,MIRGAS,27,237,966
ANCASH,ANTONIO RAYMONDI,SAN JUAN DE RONTOY,22,294,94
ANCASH,ASUNCION,CHACAS,160,523,702
ANCASH,ASUNCION,ACOCHACA,53,472,518
ANCASH,BOLOGNESI,CHIQUIAN,259,614,278
ANCASH,BOLOGNESI,ABELARDO PARDO LEZAMETA,22,38,14
ANCASH,BOLOGNESI,ANTONIO RAYMONDI,31,179,177
ANCASH,BOLOGNESI,AQUIA,87,266,275
ANCASH,BOLOGNESI,CAJACAY,95,295,106
ANCASH,BOLOGNESI,CANIS,21,67,5
ANCASH,BOLOGNESI,COLQUIOC,113,147,294
ANCASH,BOLOGNESI,HUALLANCA,321,735,710
ANCASH,BOLOGNESI,HUASTA,26,305,234
ANCASH,BOLOGNESI,HUAYLLACAYAN,12,169,190
ANCASH,BOLOGNESI,LA PRIMAVERA,22,72,21
ANCASH,BOLOGNESI,MANGAS,2,98,82
ANCASH,BOLOGNESI,PACLLON,16,221,101
ANCASH,BOLOGNESI,SAN MIGUEL DE CORPANQUI,20,70,39
ANCASH,BOLOGNESI,TICLLOS,22,128,26
ANCASH,CARHUAZ,CARHUAZ,859,1764,1332
ANCASH,CARHUAZ,ACOPAMPA,161,500,165
ANCASH,CARHUAZ,AMASHCA,35,176,240
ANCASH,CARHUAZ,ANTA,77,328,444
ANCASH,CARHUAZ,ATAQUERO,46,269,168
ANCASH,CARHUAZ,MARCARA,432,1849,1035
ANCASH,CARHUAZ,PARIAHUANCA,84,232,163
ANCASH,CARHUAZ,SAN MIGUEL DE ACO,42,344,677
ANCASH,CARHUAZ,SHILLA,117,670,256
ANCASH,CARHUAZ,TINCO,259,542,268
ANCASH,CARHUAZ,YUNGAR,143,607,249
ANCASH,CARLOS FERMIN FITZCARRALD,SAN LUIS,188,1736,1334
ANCASH,CARLOS FERMIN FITZCARRALD,SAN NICOLAS,24,356,548
ANCASH,CARLOS FERMIN FITZCARRALD,YAUYA,43,45,1317
ANCASH,CASMA,CASMA,2303,6779,2289
ANCASH,CASMA,BUENA VISTA ALTA,109,583,1040
ANCASH,CASMA,COMANDANTE NOEL,253,257,239
ANCASH,CASMA,YAUTAN,336,1220,1481
ANCASH,CORONGO,CORONGO,31,250,139
ANCASH,CORONGO,ACO,9,60,60
ANCASH,CORONGO,BAMBAS,4,104,30
ANCASH,CORONGO,CUSCA,56,596,332
ANCASH,CORONGO,LA PAMPA,13,145,193
ANCASH,CORONGO,YANAC,21,145,93
ANCASH,CORONGO,YUPAN,12,102,15
ANCASH,HUARI,HUARI,339,1317,1297
ANCASH,HUARI,ANRA,32,333,145
ANCASH,HUARI,CAJAY,78,576,351
ANCASH,HUARI,CHAVIN DE HUANTAR,238,843,2011
ANCASH,HUARI,HUACACHI,44,406,278
ANCASH,HUARI,HUACCHIS,26,146,345
ANCASH,HUARI,HUACHIS,159,831,337
ANCASH,HUARI,HUANTAR,81,492,381
ANCASH,HUARI,MASIN,81,209,254
ANCASH,HUARI,PAUCAS,31,503,205
ANCASH,HUARI,PONTO,79,464,391
ANCASH,HUARI,RAHUAPAMPA,46,130,94
ANCASH,HUARI,RAPAYAN,21,284,268
ANCASH,HUARI,SAN MARCOS,446,2149,1967
ANCASH,HUARI,SAN PEDRO DE CHANA,73,470,398
ANCASH,HUARI,UCO,38,300,170
ANCASH,HUARMEY,HUARMEY,2731,5890,1321
ANCASH,HUARMEY,COCHAPETI,8,185,137
ANCASH,HUARMEY,CULEBRAS,246,192,238
ANCASH,HUARMEY,HUAYAN,60,146,97
ANCASH,HUARMEY,MALVAS,9,78,226
ANCASH,HUAYLAS,CARAZ,2289,2829,2229
ANCASH,HUAYLAS,HUALLANCA,40,145,246
ANCASH,HUAYLAS,HUATA,25,296,175
ANCASH,HUAYLAS,HUAYLAS,36,195,290
ANCASH,HUAYLAS,MATO,50,329,300
ANCASH,HUAYLAS,PAMPAROMAS,65,809,1904
ANCASH,HUAYLAS,PUEBLO LIBRE,270,997,1026
ANCASH,HUAYLAS,SANTA CRUZ,152,751,864
ANCASH,HUAYLAS,SANTO TORIBIO,25,233,142
ANCASH,HUAYLAS,YURACMARCA,67,351,630
ANCASH,MARISCAL LUZURIAGA,PISCOBAMBA,182,69,832
ANCASH,MARISCAL LUZURIAGA,CASCA,60,658,878
ANCASH,MARISCAL LUZURIAGA,ELEAZAR GUZMAN BARRON,14,178,289
ANCASH,MARISCAL LUZURIAGA,FIDEL OLIVAS ESCUDERO,13,257,405
ANCASH,MARISCAL LUZURIAGA,LLAMA,25,128,287
ANCASH,MARISCAL LUZURIAGA,LLUMPA,68,1149,857
ANCASH,MARISCAL LUZURIAGA,LUCMA,94,322,721
ANCASH,MARISCAL LUZURIAGA,MUSGA,34,50,293
ANCASH,OCROS,OCROS,46,230,104
ANCASH,OCROS,ACAS,4,29,108
ANCASH,OCROS,CAJAMARQUILLA,5,31,12
ANCASH,OCROS,CARHUAPAMPA,15,90,89
ANCASH,OCROS,COCHAS,26,101,466
ANCASH,OCROS,CONGAS,3,13,211
ANCASH,OCROS,LLIPA,13,34,33
ANCASH,OCROS,SAN CRISTOBAL DE RAJAN,3,41,77
ANCASH,OCROS,SAN PEDRO,42,84,99
ANCASH,OCROS,SANTIAGO DE CHILCAS,7,92,109
ANCASH,PALLASCA,CABANA,112,482,72
ANCASH,PALLASCA,BOLOGNESI,32,169,143
ANCASH,PALLASCA,CONCHUCOS,96,1783,716
ANCASH,PALLASCA,HUACASCHUQUE,22,103,57
ANCASH,PALLASCA,HUANDOVAL,65,217,50
ANCASH,PALLASCA,LACABAMBA,9,103,86
ANCASH,PALLASCA,LLAPO,21,153,5
ANCASH,PALLASCA,PALLASCA,83,549,174
ANCASH,PALLASCA,PAMPAS,168,712,397
ANCASH,PALLASCA,SANTA ROSA,60,122,31
ANCASH,PALLASCA,TAUCA,76,602,176
ANCASH,POMABAMBA,POMABAMBA,553,1369,2490
ANCASH,POMABAMBA,HUAYLLAN,67,476,645
ANCASH,POMABAMBA,PAROBAMBA,93,313,1811
ANCASH,POMABAMBA,QUINUABAMBA,33,187,785
ANCASH,RECUAY,RECUAY,292,911,606
ANCASH,RECUAY,CATAC,371,840,245
ANCASH,RECUAY,COTAPARACO,42,96,21
ANCASH,RECUAY,HUAYLLAPAMPA,13,125,149
ANCASH,RECUAY,LLACLLIN,34,133,184
ANCASH,RECUAY,MARCA,25,136,188
ANCASH,RECUAY,PAMPAS CHICO,10,193,89
ANCASH,RECUAY,PARARIN,33,125,177
ANCASH,RECUAY,TAPACOCHA,6,88,64
ANCASH,RECUAY,TICAPAMPA,143,389,272
ANCASH,SANTA,CHIMBOTE,15457,21060,3458
ANCASH,SANTA,CACERES DEL PERU,182,407,895
ANCASH,SANTA,COISHCO,2854,3013,85
ANCASH,SANTA,MACATE,115,739,212
ANCASH,SANTA,MORO,201,862,919
ANCASH,SANTA,NEPEÑA,1095,926,383
ANCASH,SANTA,SAMANCO,285,612,104
ANCASH,SANTA,SANTA,2233,2661,590
ANCASH,SANTA,NUEVO CHIMBOTE,18173,24262,2022
ANCASH,SIHUAS,SIHUAS,89,725,253
ANCASH,SIHUAS,ACOBAMBA,14,469,172
ANCASH,SIHUAS,ALFONSO UGARTE,18,79,62
ANCASH,SIHUAS,CASHAPAMPA,33,248,488
ANCASH,SIHUAS,CHINGALPO,20,190,99
ANCASH,SIHUAS,HUAYLLABAMBA,36,737,440
ANCASH,SIHUAS,QUICHES,30,559,190
ANCASH,SIHUAS,RAGASH,21,313,443
ANCASH,SIHUAS,SAN JUAN,136,582,1932
ANCASH,SIHUAS,SICSIBAMBA,3,193,167
ANCASH,YUNGAY,YUNGAY,854,2346,2804
ANCASH,YUNGAY,CASCAPARA,22,321,253
ANCASH,YUNGAY,MANCOS,871,823,821
ANCASH,YUNGAY,MATACOTO,96,245,99
ANCASH,YUNGAY,QUILLO,119,638,2994
ANCASH,YUNGAY,RANRAHIRCA,178,457,261
ANCASH,YUNGAY,SHUPLUY,57,365,242
ANCASH,YUNGAY,YANAMA,108,962,758
APURIMAC,ABANCAY,ABANCAY,20643,52167,67818
APURIMAC,ABANCAY,CHACOCHE,20643,52167,67818
APURIMAC,ABANCAY,CIRCA,99,350,419
APURIMAC,ABANCAY,CURAHUASI,1257,2387,1787
APURIMAC,ABANCAY,HUANIPACA,68,489,881
APURIMAC,ABANCAY,LAMBRAMA,64,174,1100
APURIMAC,ABANCAY,PICHIRHUA,111,203,935
APURIMAC,ABANCAY,SAN PEDRO DE CACHORA,57,175,807
APURIMAC,ABANCAY,TAMBURCO,805,1291,733
APURIMAC,ANDAHUAYLAS,ANDAHUAYLAS,2561,4850,3117
APURIMAC,ANDAHUAYLAS,ANDARAPA,92,722,1830
APURIMAC,ANDAHUAYLAS,CHIARA,13,162,349
APURIMAC,ANDAHUAYLAS,HUANCARAMA,101,1078,550
APURIMAC,ANDAHUAYLAS,HUANCARAY,84,343,1193
APURIMAC,ANDAHUAYLAS,HUAYANA,12,126,202
APURIMAC,ANDAHUAYLAS,KISHUARA,155,1588,558
APURIMAC,ANDAHUAYLAS,PACOBAMBA,80,410,958
APURIMAC,ANDAHUAYLAS,PACUCHA,237,947,2290
APURIMAC,ANDAHUAYLAS,PAMPACHIRI,71,400,429
APURIMAC,ANDAHUAYLAS,POMACOCHA,19,119,278
APURIMAC,ANDAHUAYLAS,SAN ANTONIO DE CACHI,32,247,833
APURIMAC,ANDAHUAYLAS,SAN JERONIMO,951,2540,1753
APURIMAC,ANDAHUAYLAS,SAN MIGUEL DE CHACCRAMPA,34,255,488
APURIMAC,ANDAHUAYLAS,SANTA MARIA DE CHICMO,148,1299,1883
APURIMAC,ANDAHUAYLAS,TALAVERA,1221,2580,2327
APURIMAC,ANDAHUAYLAS,TUMAY HUARACA,19,200,493
APURIMAC,ANDAHUAYLAS,TURPO,66,453,1148
APURIMAC,ANDAHUAYLAS,KAQUIABAMBA,38,517,260
APURIMAC,ANDAHUAYLAS,JOSE MARIA ARGUEDAS,91,677,660
APURIMAC,ANTABAMBA,ANTABAMBA,81,346,803
APURIMAC,ANTABAMBA,EL ORO,18,34,188
APURIMAC,ANTABAMBA,HUAQUIRCA,25,293,342
APURIMAC,ANTABAMBA,JUAN ESPINOZA MEDRANO,19,449,302
APURIMAC,ANTABAMBA,OROPESA,60,150,674
APURIMAC,ANTABAMBA,PACHACONAS,39,234,112
APURIMAC,ANTABAMBA,SABAINO,25,84,509
APURIMAC,AYMARAES,CHALHUANCA,227,700,343
APURIMAC,AYMARAES,CAPAYA,43,134,94
APURIMAC,AYMARAES,CARAYBAMBA,18,128,296
APURIMAC,AYMARAES,CHAPIMARCA,49,227,536
APURIMAC,AYMARAES,COLCABAMBA,47,85,214
APURIMAC,AYMARAES,COTARUSE,319,354,334
APURIMAC,AYMARAES,HUAYLLO,33,99,160
APURIMAC,AYMARAES,JUSTO APU SAHUARAURA,27,59,299
APURIMAC,AYMARAES,LUCRE,56,272,408
APURIMAC,AYMARAES,POCOHUANCA,50,139,279
APURIMAC,AYMARAES,SAN JUAN DE CHACÑA,34,73,177
APURIMAC,AYMARAES,SAÑAYCA,26,181,281
APURIMAC,AYMARAES,SORAYA,24,67,285
APURIMAC,AYMARAES,TAPAIRIHUA,60,293,420
APURIMAC,AYMARAES,TINTAY,60,453,617
APURIMAC,AYMARAES,TORAYA,48,83,504
APURIMAC,AYMARAES,YANACA,34,179,297
APURIMAC,COTABAMBAS,TAMBOBAMBA,449,1799,2066
APURIMAC,COTABAMBAS,COTABAMBAS,94,295,1330
APURIMAC,COTABAMBAS,COYLLURQUI,179,743,2256
APURIMAC,COTABAMBAS,HAQUIRA,313,1487,1784
APURIMAC,COTABAMBAS,MARA,158,808,1784
APURIMAC,COTABAMBAS,CHALLHUAHUACHO,1151,881,2011
APURIMAC,CHINCHEROS,CHINCHEROS,243,893,711
APURIMAC,CHINCHEROS,ANCO_HUALLO,463,2039,1569
APURIMAC,CHINCHEROS,COCHARCAS,36,81,765
APURIMAC,CHINCHEROS,HUACCANA,103,649,1692
APURIMAC,CHINCHEROS,OCOBAMBA,184,866,1824
APURIMAC,CHINCHEROS,ONGOY,112,276,946
APURIMAC,CHINCHEROS,URANMARCA,60,696,382
APURIMAC,CHINCHEROS,RANRACANCHA,57,920,519
APURIMAC,CHINCHEROS,ROCCHACC,38,395,839
APURIMAC,CHINCHEROS,EL PORVENIR,25,334,458
APURIMAC,CHINCHEROS,LOS CHANKAS,22,203,296
APURIMAC,CHINCHEROS,AHUAYRO,20,165,296
APURIMAC,GRAU,CHUQUIBAMBILLA,186,737,782
APURIMAC,GRAU,CURPAHUASI,45,340,497
APURIMAC,GRAU,GAMARRA,58,99,1136
APURIMAC,GRAU,HUAYLLATI,33,208,263
APURIMAC,GRAU,MAMARA,16,62,244
APURIMAC,GRAU,MICAELA BASTIDAS,43,85,346
APURIMAC,GRAU,PATAYPAMPA,14,39,356
APURIMAC,GRAU,PROGRESO,108,446,780
APURIMAC,GRAU,SAN ANTONIO,17,35,157
APURIMAC,GRAU,SANTA ROSA,16,14,305
APURIMAC,GRAU,TURPAY,9,58,151
APURIMAC,GRAU,VILCABAMBA,55,227,237
APURIMAC,GRAU,VIRUNDO,10,46,296
APURIMAC,GRAU,CURASCO,22,89,383
AREQUIPA,AREQUIPA,ALTO SELVA ALEGRE,18915,3842,411
AREQUIPA,AREQUIPA,CAYMA,19416,5744,879
AREQUIPA,AREQUIPA,CERRO COLORADO,35658,21671,2547
AREQUIPA,AREQUIPA,CHARACATO,3516,631,66
AREQUIPA,AREQUIPA,CHIGUATA,695,200,259
AREQUIPA,AREQUIPA,JACOBO HUNTER,13331,2447,264
AREQUIPA,AREQUIPA,LA JOYA,1422,2930,1083
AREQUIPA,AREQUIPA,MARIANO MELGAR,13335,4758,323
AREQUIPA,AREQUIPA,MIRAFLORES,11812,1756,184
AREQUIPA,AREQUIPA,MOLLEBAYA,1199,524,179
AREQUIPA,AREQUIPA,PAUCARPATA,28986,6301,995
AREQUIPA,AREQUIPA,POCSI,47,39,24
AREQUIPA,AREQUIPA,POLOBAYA,138,83,32
AREQUIPA,AREQUIPA,QUEQUEÑA,144,347,132
AREQUIPA,AREQUIPA,SABANDIA,1256,214,63
AREQUIPA,AREQUIPA,SACHACA,3591,895,228
AREQUIPA,AREQUIPA,SAN JUAN DE SIGUAS,90,118,59
AREQUIPA,AREQUIPA,SAN JUAN DE TARUCANI,136,196,311
AREQUIPA,AREQUIPA,SANTA ISABEL DE SIGUAS,71,118,72
AREQUIPA,AREQUIPA,SANTA RITA DE SIGUAS,312,982,264
AREQUIPA,AREQUIPA,SOCABAYA,14221,3399,642
AREQUIPA,AREQUIPA,TIABAYA,3433,859,197
AREQUIPA,AREQUIPA,UCHUMAYO,1144,586,68
AREQUIPA,AREQUIPA,VITOR,290,286,83
AREQUIPA,AREQUIPA,YANAHUARA,435,63,23
AREQUIPA,AREQUIPA,YARABAMBA,263,136,94
AREQUIPA,AREQUIPA,YURA,6925,4524,536
AREQUIPA,AREQUIPA,JOSE LUIS BUSTAMANTE Y RIVERO,7371,1108,207
AREQUIPA,CAMANA,CAMANA,842,1064,210
AREQUIPA,CAMANA,JOSE MARIA QUIMPER,131,399,178
AREQUIPA,CAMANA,MARIANO NICOLAS VALCARCEL,401,569,170
AREQUIPA,CAMANA,MARISCAL CACERES,543,522,365
AREQUIPA,CAMANA,NICOLAS DE PIEROLA,332,648,192
AREQUIPA,CAMANA,OCOÑA,701,238,188
AREQUIPA,CAMANA,QUILCA,81,72,14
AREQUIPA,CAMANA,SAMUEL PASTOR,1630,1347,758
AREQUIPA,CARAVELI,CARAVELI,198,618,189
AREQUIPA,CARAVELI,ACARI,373,535,82
AREQUIPA,CARAVELI,ATICO,107,517,128
AREQUIPA,CARAVELI,ATIQUIPA,94,50,33
AREQUIPA,CARAVELI,BELLA UNION,184,435,148
AREQUIPA,CARAVELI,CAHUACHO,47,164,66
AREQUIPA,CARAVELI,CHALA,388,1049,184
AREQUIPA,CARAVELI,CHAPARRA,359,88,58
AREQUIPA,CARAVELI,HUANUHUANU,297,336,101
AREQUIPA,CARAVELI,JAQUI,208,172,42
AREQUIPA,CARAVELI,LOMAS,199,37,44
AREQUIPA,CARAVELI,QUICACHA,169,174,68
AREQUIPA,CARAVELI,YAUCA,315,237,102
AREQUIPA,CASTILLA,APLAO,1124,1397,371
AREQUIPA,CASTILLA,ANDAGUA,28,157,207
AREQUIPA,CASTILLA,AYO,19,54,43
AREQUIPA,CASTILLA,CHACHAS,54,195,285
AREQUIPA,CASTILLA,CHILCAYMARCA,31,32,164
AREQUIPA,CASTILLA,CHOCO,10,52,227
AREQUIPA,CASTILLA,HUANCARQUI,236,144,34
AREQUIPA,CASTILLA,MACHAGUAY,45,83,124
AREQUIPA,CASTILLA,ORCOPAMPA,233,568,262
AREQUIPA,CASTILLA,PAMPACOLCA,207,184,99
AREQUIPA,CASTILLA,TIPAN,45,57,78
AREQUIPA,CASTILLA,UÑON,14,26,23
AREQUIPA,CASTILLA,URACA,405,562,280
AREQUIPA,CASTILLA,VIRACO,35,169,200
AREQUIPA,CAYLLOMA,CHIVAY,800,1025,330
AREQUIPA,CAYLLOMA,ACHOMA,92,135,110
AREQUIPA,CAYLLOMA,CABANACONDE,69,320,115
AREQUIPA,CAYLLOMA,CALLALLI,139,169,354
AREQUIPA,CAYLLOMA,CAYLLOMA,138,346,392
AREQUIPA,CAYLLOMA,COPORAQUE,91,172,108
AREQUIPA,CAYLLOMA,HUAMBO,66,120,126
AREQUIPA,CAYLLOMA,HUANCA,37,172,222
AREQUIPA,CAYLLOMA,ICHUPAMPA,56,78,125
AREQUIPA,CAYLLOMA,LARI,35,203,181
AREQUIPA,CAYLLOMA,LLUTA,33,121,178
AREQUIPA,CAYLLOMA,MACA,59,115,129
AREQUIPA,CAYLLOMA,MADRIGAL,83,144,48
AREQUIPA,CAYLLOMA,SAN ANTONIO DE CHUCA,91,72,236
AREQUIPA,CAYLLOMA,SIBAYO,38,50,155
AREQUIPA,CAYLLOMA,TAPAY,45,84,96
AREQUIPA,CAYLLOMA,TISCO,58,54,468
AREQUIPA,CAYLLOMA,TUTI,47,75,121
AREQUIPA,CAYLLOMA,YANQUE,136,233,328
AREQUIPA,CAYLLOMA,MAJES,6138,14184,2344
AREQUIPA,CONDESUYOS,CHUQUIBAMBA,143,562,340
AREQUIPA,CONDESUYOS,ANDARAY,33,58,121
AREQUIPA,CONDESUYOS,CAYARANI,54,164,709
AREQUIPA,CONDESUYOS,CHICHAS,28,38,186
AREQUIPA,CONDESUYOS,IRAY,29,95,108
AREQUIPA,CONDESUYOS,RIO GRANDE,388,287,100
AREQUIPA,CONDESUYOS,SALAMANCA,29,84,119
AREQUIPA,CONDESUYOS,YANAQUIHUA,226,444,372
AREQUIPA,ISLAY,MOLLENDO,2021,2843,440
AREQUIPA,ISLAY,COCACHACRA,1043,1797,329
AREQUIPA,ISLAY,DEAN VALDIVIA,586,722,150
AREQUIPA,ISLAY,ISLAY,356,876,175
AREQUIPA,ISLAY,MEJIA,225,57,38
AREQUIPA,ISLAY,PUNTA DE BOMBON,919,1628,378
AREQUIPA,LA UNION,COTAHUASI,118,405,248
AREQUIPA,LA UNION,ALCA,23,365,255
AREQUIPA,LA UNION,CHARCANA,25,131,98
AREQUIPA,LA UNION,HUAYNACOTAS,28,302,214
AREQUIPA,LA UNION,PAMPAMARCA,25,143,238
AREQUIPA,LA UNION,PUYCA,33,237,478
AREQUIPA,LA UNION,QUECHUALLA,16,65,87
AREQUIPA,LA UNION,SAYLA,8,47,74
AREQUIPA,LA UNION,TAURIA,16,60,49
AREQUIPA,LA UNION,TOMEPAMPA,51,141,60
AREQUIPA,LA UNION,TORO,14,101,128
AYACUCHO,HUAMANGA,AYACUCHO,41718,76645,81696
AYACUCHO,HUAMANGA,ACOCRO,41718,76645,81696
AYACUCHO,HUAMANGA,ACOS VINCHOS,60,650,1225
AYACUCHO,HUAMANGA,CARMEN ALTO,2091,2946,2413
AYACUCHO,HUAMANGA,CHIARA,174,991,1543
AYACUCHO,HUAMANGA,OCROS,168,1049,1278
AYACUCHO,HUAMANGA,PACAYCASA,195,683,336
AYACUCHO,HUAMANGA,QUINUA,143,758,992
AYACUCHO,HUAMANGA,SAN JOSE DE TICLLAS,34,152,469
AYACUCHO,HUAMANGA,SAN JUAN BAUTISTA,4565,3788,1686
AYACUCHO,HUAMANGA,SANTIAGO DE PISCHA,57,216,308
AYACUCHO,HUAMANGA,SOCOS,133,444,1969
AYACUCHO,HUAMANGA,TAMBILLO,226,1251,713
AYACUCHO,HUAMANGA,VINCHOS,287,764,4021
AYACUCHO,HUAMANGA,JESUS NAZARENO,2918,1939,1200
AYACUCHO,HUAMANGA,ANDRES AVELINO CACERES DORREGAY,2731,2808,1387
AYACUCHO,CANGALLO,CANGALLO,189,879,1136
AYACUCHO,CANGALLO,CHUSCHI,162,1153,1364
AYACUCHO,CANGALLO,LOS MOROCHUCOS,226,955,2180
AYACUCHO,CANGALLO,MARIA PARADO DE BELLIDO,44,407,493
AYACUCHO,CANGALLO,PARAS,93,319,1270
AYACUCHO,CANGALLO,TOTOS,54,651,455
AYACUCHO,HUANCA SANCOS,SANCOS,180,606,343
AYACUCHO,HUANCA SANCOS,CARAPO,90,400,197
AYACUCHO,HUANCA SANCOS,SACSAMARCA,40,304,265
AYACUCHO,HUANCA SANCOS,SANTIAGO DE LUCANAMARCA,103,385,364
AYACUCHO,HUANTA,HUANTA,3019,5083,7228
AYACUCHO,HUANTA,AYAHUANCO,64,277,451
AYACUCHO,HUANTA,HUAMANGUILLA,84,910,514
AYACUCHO,HUANTA,IGUAIN,117,594,647
AYACUCHO,HUANTA,LURICOCHA,318,858,1539
AYACUCHO,HUANTA,SANTILLANA,52,482,814
AYACUCHO,HUANTA,SIVIA,517,1281,1651
AYACUCHO,HUANTA,LLOCHEGUA,1034,1380,786
AYACUCHO,HUANTA,CANAYRE,94,568,615
AYACUCHO,HUANTA,UCHURACCAY,35,201,1175
AYACUCHO,HUANTA,PUCACOLPA,42,333,731
AYACUCHO,HUANTA,CHACA,23,504,272
AYACUCHO,HUANTA,PUTIS,3,166,5
AYACUCHO,LA MAR,SAN MIGUEL,455,1311,1231
AYACUCHO,LA MAR,ANCO,347,1534,927
AYACUCHO,LA MAR,AYNA,596,1337,862
AYACUCHO,LA MAR,CHILCAS,52,276,521
AYACUCHO,LA MAR,CHUNGUI,53,595,985
AYACUCHO,LA MAR,LUIS CARRANZA,40,304,320
AYACUCHO,LA MAR,SANTA ROSA,661,1485,1509
AYACUCHO,LA MAR,TAMBO,467,1927,1582
AYACUCHO,LA MAR,SAMUGARI,335,587,2255
AYACUCHO,LA MAR,ANCHIHUAY,104,457,1065
AYACUCHO,LA MAR,ORONCCOY,22,29,500
AYACUCHO,LA MAR,UNION PROGRESO,62,246,496
AYACUCHO,LA MAR,RIO MAGDALENA,3,90,458
AYACUCHO,LA MAR,NINABAMBA,37,366,330
AYACUCHO,LA MAR,PATIBAMBA,94,314,203
AYACUCHO,LUCANAS,PUQUIO,1306,2165,1210
AYACUCHO,LUCANAS,AUCARA,58,412,386
AYACUCHO,LUCANAS,CABANA,56,330,46
AYACUCHO,LUCANAS,CARMEN SALCEDO,92,268,78
AYACUCHO,LUCANAS,CHAVIÑA,76,430,237
AYACUCHO,LUCANAS,CHIPAO,66,266,591
AYACUCHO,LUCANAS,HUAC-HUAS,67,229,221
AYACUCHO,LUCANAS,LARAMATE,40,299,158
AYACUCHO,LUCANAS,LEONCIO PRADO,31,152,214
AYACUCHO,LUCANAS,LLAUTA,69,187,79
AYACUCHO,LUCANAS,LUCANAS,140,431,359
AYACUCHO,LUCANAS,OCAÑA,27,231,627
AYACUCHO,LUCANAS,OTOCA,105,213,332
AYACUCHO,LUCANAS,SAISA,32,54,35
AYACUCHO,LUCANAS,SAN CRISTOBAL,18,250,256
AYACUCHO,LUCANAS,SAN JUAN,46,134,52
AYACUCHO,LUCANAS,SAN PEDRO,47,471,383
AYACUCHO,LUCANAS,SAN PEDRO DE PALCO,38,176,220
AYACUCHO,LUCANAS,SANCOS,164,432,397
AYACUCHO,LUCANAS,SANTA ANA DE HUAYCAHUACHO,16,150,56
AYACUCHO,LUCANAS,SANTA LUCIA,106,155,144
AYACUCHO,PARINACOCHAS,CORACORA,675,1700,1101
AYACUCHO,PARINACOCHAS,CHUMPI,103,499,218
AYACUCHO,PARINACOCHAS,CORONEL CASTAÑEDA,77,95,144
AYACUCHO,PARINACOCHAS,PACAPAUSA,22,148,130
AYACUCHO,PARINACOCHAS,PULLO,369,558,263
AYACUCHO,PARINACOCHAS,PUYUSCA,203,360,185
AYACUCHO,PARINACOCHAS,SAN FRANCISCO DE RAVACAYCO,59,81,67
AYACUCHO,PARINACOCHAS,UPAHUACHO,36,278,279
AYACUCHO,PAUCAR DEL SARA SARA,PAUSA,205,457,327
AYACUCHO,PAUCAR DEL SARA SARA,COLTA,18,97,76
AYACUCHO,PAUCAR DEL SARA SARA,CORCULLA,17,71,69
AYACUCHO,PAUCAR DEL SARA SARA,LAMPA,123,454,147
AYACUCHO,PAUCAR DEL SARA SARA,MARCABAMBA,18,104,86
AYACUCHO,PAUCAR DEL SARA SARA,OYOLO,44,208,155
AYACUCHO,PAUCAR DEL SARA SARA,PARARCA,19,105,55
AYACUCHO,PAUCAR DEL SARA SARA,SAN JAVIER DE ALPABAMBA,34,68,101
AYACUCHO,PAUCAR DEL SARA SARA,SAN JOSE DE USHUA,16,56,19
AYACUCHO,PAUCAR DEL SARA SARA,SARA SARA,49,120,32
AYACUCHO,SUCRE,QUEROBAMBA,182,461,163
AYACUCHO,SUCRE,BELEN,11,58,36
AYACUCHO,SUCRE,CHALCOS,13,139,36
AYACUCHO,SUCRE,CHILCAYOC,35,141,49
AYACUCHO,SUCRE,HUACAÑA,57,70,52
AYACUCHO,SUCRE,MORCOLLA,44,272,179
AYACUCHO,SUCRE,PAICO,32,129,156
AYACUCHO,SUCRE,SAN PEDRO DE LARCAY,24,176,156
AYACUCHO,SUCRE,SAN SALVADOR DE QUIJE,22,278,228
AYACUCHO,SUCRE,SANTIAGO DE PAUCARAY,10,115,152
AYACUCHO,SUCRE,SORAS,45,206,140
AYACUCHO,VICTOR FAJARDO,HUANCAPI,82,343,284
AYACUCHO,VICTOR FAJARDO,ALCAMENCA,37,244,445
AYACUCHO,VICTOR FAJARDO,APONGO,59,96,206
AYACUCHO,VICTOR FAJARDO,ASQUIPATA,20,61,118
AYACUCHO,VICTOR FAJARDO,CANARIA,206,508,306
AYACUCHO,VICTOR FAJARDO,CAYARA,43,77,441
AYACUCHO,VICTOR FAJARDO,COLCA,24,200,315
AYACUCHO,VICTOR FAJARDO,HUAMANQUIQUIA,11,182,309
AYACUCHO,VICTOR FAJARDO,HUANCARAYLLA,33,321,229
AYACUCHO,VICTOR FAJARDO,HUAYA,32,440,362
AYACUCHO,VICTOR FAJARDO,SARHUA,29,305,822
AYACUCHO,VICTOR FAJARDO,VILCANCHOS,48,493,651
AYACUCHO,VILCAS HUAMAN,VILCAS HUAMAN,202,1227,1093
AYACUCHO,VILCAS HUAMAN,ACCOMARCA,27,11,603
AYACUCHO,VILCAS HUAMAN,CARHUANCA,20,207,121
AYACUCHO,VILCAS HUAMAN,CONCEPCION,45,279,612
AYACUCHO,VILCAS HUAMAN,HUAMBALPA,20,167,495
AYACUCHO,VILCAS HUAMAN,INDEPENDENCIA,21,115,411
AYACUCHO,VILCAS HUAMAN,SAURAMA,24,193,239
AYACUCHO,VILCAS HUAMAN,VISCHONGO,127,866,394
CAJAMARCA,CAJAMARCA,CAJAMARCA,65492,171995,206025
CAJAMARCA,CAJAMARCA,ASUNCION,146,1275,932
CAJAMARCA,CAJAMARCA,CHETILLA,65492,171995,206025
CAJAMARCA,CAJAMARCA,COSPAN,102,956,1051
CAJAMARCA,CAJAMARCA,ENCAÑADA,65492,171995,206025
CAJAMARCA,CAJAMARCA,JESUS,401,1673,2101
CAJAMARCA,CAJAMARCA,LLACANORA,248,811,684
CAJAMARCA,CAJAMARCA,LOS BAÑOS DEL INCA,3345,6442,4093
CAJAMARCA,CAJAMARCA,MAGDALENA,145,500,2269
CAJAMARCA,CAJAMARCA,MATARA,108,755,453
CAJAMARCA,CAJAMARCA,NAMORA,266,1569,1625
CAJAMARCA,CAJAMARCA,SAN JUAN,172,812,706
CAJAMARCA,CAJABAMBA,CAJABAMBA,2552,4789,3134
CAJAMARCA,CAJABAMBA,CACHACHI,737,2732,3941
CAJAMARCA,CAJABAMBA,CONDEBAMBA,380,1777,2120
CAJAMARCA,CAJABAMBA,SITACOCHA,90,1364,1257
CAJAMARCA,CELENDIN,CELENDIN,1183,2906,2713
CAJAMARCA,CELENDIN,CHUMUCH,21,361,622
CAJAMARCA,CELENDIN,CORTEGANA,68,1131,977
CAJAMARCA,CELENDIN,HUASMIN,76,1359,2317
CAJAMARCA,CELENDIN,JORGE CHAVEZ,11,89,98
CAJAMARCA,CELENDIN,JOSE GALVEZ,79,386,374
CAJAMARCA,CELENDIN,MIGUEL IGLESIAS,26,470,886
CAJAMARCA,CELENDIN,OXAMARCA,64,1029,1538
CAJAMARCA,CELENDIN,SOROCHUCO,96,913,2055
CAJAMARCA,CELENDIN,SUCRE,115,608,599
CAJAMARCA,CELENDIN,UTCO,31,253,133
CAJAMARCA,CELENDIN,LA LIBERTAD DE PALLAN,86,823,1575
CAJAMARCA,CHOTA,CHOTA,2107,6955,5306
CAJAMARCA,CHOTA,ANGUIA,58,533,669
CAJAMARCA,CHOTA,CHADIN,62,831,692
CAJAMARCA,CHOTA,CHIGUIRIP,47,922,611
CAJAMARCA,CHOTA,CHIMBAN,38,175,551
CAJAMARCA,CHOTA,CHOROPAMPA,75,539,411
CAJAMARCA,CHOTA,COCHABAMBA,109,402,1651
CAJAMARCA,CHOTA,CONCHAN,231,1166,495
CAJAMARCA,CHOTA,HUAMBOS,124,865,2105
CAJAMARCA,CHOTA,LAJAS,129,1549,2712
CAJAMARCA,CHOTA,LLAMA,246,1211,1306
CAJAMARCA,CHOTA,MIRACOSTA,48,439,817
CAJAMARCA,CHOTA,PACCHA,139,752,740
CAJAMARCA,CHOTA,PION,7,97,303
CAJAMARCA,CHOTA,QUEROCOTO,130,1322,1404
CAJAMARCA,CHOTA,SAN JUAN DE LICUPIS,11,147,208
CAJAMARCA,CHOTA,TACABAMBA,310,1989,2313
CAJAMARCA,CHOTA,TOCMOCHE,34,71,301
CAJAMARCA,CHOTA,CHALAMARCA,82,1524,1207
CAJAMARCA,CONTUMAZA,CONTUMAZA,137,463,1503
CAJAMARCA,CONTUMAZA,CHILETE,111,304,698
CAJAMARCA,CONTUMAZA,CUPISNIQUE,33,66,459
CAJAMARCA,CONTUMAZA,GUZMANGO,11,182,430
CAJAMARCA,CONTUMAZA,SAN BENITO,63,419,613
CAJAMARCA,CONTUMAZA,SANTA CRUZ DE TOLED,3,74,207
CAJAMARCA,CONTUMAZA,TANTARICA,82,273,432
CAJAMARCA,CONTUMAZA,YONAN,221,1242,727
CAJAMARCA,CUTERVO,CUTERVO,2003,8494,10087
CAJAMARCA,CUTERVO,CALLAYUC,138,741,2811
CAJAMARCA,CUTERVO,CHOROS,68,319,899
CAJAMARCA,CUTERVO,CUJILLO,37,410,460
CAJAMARCA,CUTERVO,LA RAMADA,97,415,872
CAJAMARCA,CUTERVO,PIMPINGOS,79,734,1008
CAJAMARCA,CUTERVO,QUEROCOTILLO,110,1348,3600
CAJAMARCA,CUTERVO,SAN ANDRES DE CUTERVO,57,642,1240
CAJAMARCA,CUTERVO,SAN JUAN DE CUTERVO,49,380,285
CAJAMARCA,CUTERVO,SAN LUIS DE LUCMA,64,576,451
CAJAMARCA,CUTERVO,SANTA CRUZ,59,418,638
CAJAMARCA,CUTERVO,SANTO DOMINGO DE LA CAPILLA,149,896,871
CAJAMARCA,CUTERVO,SANTO TOMAS,96,899,2001
CAJAMARCA,CUTERVO,SOCOTA,188,1440,1715
CAJAMARCA,CUTERVO,TORIBIO CASANOVA,17,135,396
CAJAMARCA,HUALGAYOC,BAMBAMARCA,3263,9954,8414
CAJAMARCA,HUALGAYOC,CHUGUR,93,534,331
CAJAMARCA,HUALGAYOC,HUALGAYOC,357,1695,2385
CAJAMARCA,JAEN,JAEN,11627,6413,6657
CAJAMARCA,JAEN,BELLAVISTA,701,885,5480
CAJAMARCA,JAEN,CHONTALI,85,1331,2055
CAJAMARCA,JAEN,COLASAY,206,1529,2302
CAJAMARCA,JAEN,HUABAL,151,1574,2089
CAJAMARCA,JAEN,LAS PIRIAS,83,754,901
CAJAMARCA,JAEN,POMAHUACA,137,1173,1552
CAJAMARCA,JAEN,PUCARA,545,615,1711
CAJAMARCA,JAEN,SALLIQUE,88,489,1994
CAJAMARCA,JAEN,SAN FELIPE,82,560,1266
CAJAMARCA,JAEN,SAN JOSE DEL ALTO,192,1268,1084
CAJAMARCA,JAEN,SANTA ROSA,182,2099,2039
CAJAMARCA,SAN IGNACIO,SAN IGNACIO,1373,5777,2644
CAJAMARCA,SAN IGNACIO,CHIRINOS,353,2545,1891
CAJAMARCA,SAN IGNACIO,HUARANGO,583,2659,4531
CAJAMARCA,SAN IGNACIO,LA COIPA,359,2989,4702
CAJAMARCA,SAN IGNACIO,NAMBALLE,179,1036,1820
CAJAMARCA,SAN IGNACIO,SAN JOSE DE LOURDES,332,3265,3161
CAJAMARCA,SAN IGNACIO,TABACONAS,305,3204,4025
CAJAMARCA,SAN MARCOS,PEDRO GALVEZ,908,3193,2956
CAJAMARCA,SAN MARCOS,CHANCAY,82,643,392
CAJAMARCA,SAN MARCOS,EDUARDO VILLANUEVA,48,515,324
CAJAMARCA,SAN MARCOS,GREGORIO PITA,63,1019,784
CAJAMARCA,SAN MARCOS,ICHOCAN,53,264,133
CAJAMARCA,SAN MARCOS,JOSE MANUEL QUIROZ,42,331,957
CAJAMARCA,SAN MARCOS,JOSE SABOGAL,106,659,3449
CAJAMARCA,SAN MIGUEL,SAN MIGUEL,314,1714,2848
CAJAMARCA,SAN MIGUEL,BOLIVAR,39,217,378
CAJAMARCA,SAN MIGUEL,CALQUIS,59,608,874
CAJAMARCA,SAN MIGUEL,CATILLUC,51,475,327
CAJAMARCA,SAN MIGUEL,EL PRADO,36,371,328
CAJAMARCA,SAN MIGUEL,LA FLORIDA,32,265,650
CAJAMARCA,SAN MIGUEL,LLAPA,115,845,598
CAJAMARCA,SAN MIGUEL,NANCHOC,22,135,444
CAJAMARCA,SAN MIGUEL,NIEPOS,30,391,880
CAJAMARCA,SAN MIGUEL,SAN GREGORIO,36,120,774
CAJAMARCA,SAN MIGUEL,SAN SILVESTRE DE COCHAN,93,736,658
CAJAMARCA,SAN MIGUEL,TONGOD,79,720,285
CAJAMARCA,SAN MIGUEL,UNION AGUA BLANCA,49,488,454
CAJAMARCA,SAN PABLO,SAN PABLO,333,1863,1875
CAJAMARCA,SAN PABLO,SAN BERNARDINO,61,233,1219
CAJAMARCA,SAN PABLO,SAN LUIS,23,75,337
CAJAMARCA,SAN PABLO,TUMBADEN,64,549,693
CAJAMARCA,SANTA CRUZ,SANTA CRUZ,519,1378,1451
CAJAMARCA,SANTA CRUZ,ANDABAMBA,12,178,370
CAJAMARCA,SANTA CRUZ,CATACHE,113,71,2359
CAJAMARCA,SANTA CRUZ,CHANCAYBAÑOS,94,291,743
CAJAMARCA,SANTA CRUZ,LA ESPERANZA,39,55,748
CAJAMARCA,SANTA CRUZ,NINABAMBA,41,471,222
CAJAMARCA,SANTA CRUZ,PULAN,82,717,860
CAJAMARCA,SANTA CRUZ,SAUCEPAMPA,33,60,517
CAJAMARCA,SANTA CRUZ,SEXI,19,53,66
CAJAMARCA,SANTA CRUZ,UTICYACU,22,220,235
CAJAMARCA,SANTA CRUZ,YAUYUCAN,68,496,460
CALLAO,CALLAO,CALLAO,59698,131699,23698
CALLAO,CALLAO,BELLAVISTA,4325,2978,462
CALLAO,CALLAO,CARMEN DE LA LEGUA REYNOSO,5999,5553,656
CALLAO,CALLAO,LA PERLA,2359,1201,358
CALLAO,CALLAO,LA PUNTA,98,46,15
CALLAO,CALLAO,VENTANILLA,22279,55485,11436
CALLAO,CALLAO,MI PERU,3189,10341,2324
CUSCO,CUSCO,CUSCO,91053,140286,167542
CUSCO,CUSCO,CCORCA,47,569,287
CUSCO,CUSCO,POROY,91053,140286,167542
CUSCO,CUSCO,SAN JERONIMO,5834,6010,1818
CUSCO,CUSCO,SAN SEBASTIAN,91053,140286,167542
CUSCO,CUSCO,SANTIAGO,12429,9826,2499
CUSCO,CUSCO,SAYLLA,875,445,111
CUSCO,CUSCO,WANCHAQ,4668,521,15
CUSCO,ACOMAYO,ACOMAYO,164,516,771
CUSCO,ACOMAYO,ACOPIA,53,231,700
CUSCO,ACOMAYO,ACOS,28,98,646
CUSCO,ACOMAYO,MOSOC LLACTA,39,140,282
CUSCO,ACOMAYO,POMACANCHI,101,874,1377
CUSCO,ACOMAYO,RONDOCAN,25,95,808
CUSCO,ACOMAYO,SANGARARA,55,236,725
CUSCO,ANTA,ANTA,1768,2619,2319
CUSCO,ANTA,ANCAHUASI,221,406,2490
CUSCO,ANTA,CACHIMAYO,110,215,243
CUSCO,ANTA,CHINCHAYPUJIO,76,408,1344
CUSCO,ANTA,HUAROCONDO,190,1060,842
CUSCO,ANTA,LIMATAMBO,245,1537,1848
CUSCO,ANTA,MOLLEPATA,139,589,354
CUSCO,ANTA,PUCYURA,313,482,400
CUSCO,ANTA,ZURITE,90,297,708
CUSCO,CALCA,CALCA,1988,3147,2650
CUSCO,CALCA,COYA,77,147,625
CUSCO,CALCA,LAMAY,156,827,1054
CUSCO,CALCA,LARES,102,964,1691
CUSCO,CALCA,PISAC,447,731,1842
CUSCO,CALCA,SAN SALVADOR,161,394,1154
CUSCO,CALCA,TARAY,258,459,721
CUSCO,CALCA,YANATILE,279,890,2170
CUSCO,CANAS,YANAOCA,258,988,2109
CUSCO,CANAS,CHECCA,129,135,2190
CUSCO,CANAS,KUNTURKANKI,186,361,1641
CUSCO,CANAS,LANGUI,111,150,770
CUSCO,CANAS,LAYO,127,572,1471
CUSCO,CANAS,PAMPAMARCA,69,295,225
CUSCO,CANAS,QUEHUE,58,255,861
CUSCO,CANAS,TUPAC AMARU,66,301,909
CUSCO,CANCHIS,SICUANI,4520,11637,11174
CUSCO,CANCHIS,CHECACUPE,299,724,896
CUSCO,CANCHIS,COMBAPATA,228,859,585
CUSCO,CANCHIS,MARANGANI,430,1298,2246
CUSCO,CANCHIS,PITUMARCA,176,1157,1782
CUSCO,CANCHIS,SAN PABLO,179,650,1195
CUSCO,CANCHIS,SAN PEDRO,212,374,575
CUSCO,CANCHIS,TINTA,458,913,910
CUSCO,CHUMBIVILCAS,SANTO TOMAS,687,2682,2957
CUSCO,CHUMBIVILCAS,CAPACMARCA,181,559,1498
CUSCO,CHUMBIVILCAS,CHAMACA,337,724,1580
CUSCO,CHUMBIVILCAS,COLQUEMARCA,221,1831,1433
CUSCO,CHUMBIVILCAS,LIVITACA,425,692,4079
CUSCO,CHUMBIVILCAS,LLUSCO,116,742,1449
CUSCO,CHUMBIVILCAS,QUIÑOTA,96,432,1240
CUSCO,CHUMBIVILCAS,VELILLE,183,816,1963
CUSCO,ESPINAR,ESPINAR,2536,7756,5255
CUSCO,ESPINAR,CONDOROMA,53,36,420
CUSCO,ESPINAR,COPORAQUE,619,437,4338
CUSCO,ESPINAR,OCORURO,74,59,563
CUSCO,ESPINAR,PALLPATA,198,801,1804
CUSCO,ESPINAR,PICHIGUA,198,140,1300
CUSCO,ESPINAR,SUYCKUTAMBO,81,46,757
CUSCO,ESPINAR,ALTO PICHIGUA,100,183,721
CUSCO,LA CONVENCION,SANTA ANA,4435,3121,1177
CUSCO,LA CONVENCION,ECHARATE,1593,4566,4326
CUSCO,LA CONVENCION,HUAYOPATA,401,1103,538
CUSCO,LA CONVENCION,MARANURA,429,1246,813
CUSCO,LA CONVENCION,OCOBAMBA,250,1185,741
CUSCO,LA CONVENCION,QUELLOUNO,668,1849,1810
CUSCO,LA CONVENCION,KIMBIRI,1534,2620,2341
CUSCO,LA CONVENCION,SANTA TERESA,475,1157,1165
CUSCO,LA CONVENCION,VILCABAMBA,572,1113,3218
CUSCO,LA CONVENCION,PICHARI,1911,2687,4053
CUSCO,LA CONVENCION,INKAWASI,114,1146,903
CUSCO,LA CONVENCION,VILLA VIRGEN,62,634,268
CUSCO,LA CONVENCION,VILLA KINTIARINA,64,237,832
CUSCO,LA CONVENCION,MEGANTONI,599,3389,1685
CUSCO,LA CONVENCION,KUMPIRUSHIATO,109,500,1235
CUSCO,LA CONVENCION,CIELO PUNCO,40,334,481
CUSCO,LA CONVENCION,MANITEA,117,519,529
CUSCO,LA CONVENCION,UNION ASHANINK,178,296,1017
CUSCO,PARURO,PARURO,78,439,482
CUSCO,PARURO,ACCHA,74,444,694
CUSCO,PARURO,CCAPI,48,696,608
CUSCO,PARURO,COLCHA,13,81,297
CUSCO,PARURO,HUANOQUITE,187,829,846
CUSCO,PARURO,OMACHA,66,717,1581
CUSCO,PARURO,PACCARITAMBO,32,82,666
CUSCO,PARURO,PILLPINTO,11,72,435
CUSCO,PARURO,YAURISQUE,76,275,749
CUSCO,PAUCARTAMBO,PAUCARTAMBO,336,1132,3033
CUSCO,PAUCARTAMBO,CAICAY,79,182,774
CUSCO,PAUCARTAMBO,CHALLABAMBA,182,1424,1843
CUSCO,PAUCARTAMBO,COLQUEPATA,119,1207,1344
CUSCO,PAUCARTAMBO,HUANCARANI,184,795,1093
CUSCO,PAUCARTAMBO,KOSÑIPATA,109,680,1541
CUSCO,QUISPICANCHI,URCOS,634,1360,1294
CUSCO,QUISPICANCHI,ANDAHUAYLILLAS,465,990,559
CUSCO,QUISPICANCHI,CAMANTI,127,187,192
CUSCO,QUISPICANCHI,CCARHUAYO,45,633,450
CUSCO,QUISPICANCHI,CCATCA,260,1166,3558
CUSCO,QUISPICANCHI,CUSIPATA,266,653,735
CUSCO,QUISPICANCHI,HUARO,148,317,997
CUSCO,QUISPICANCHI,LUCRE,248,409,525
CUSCO,QUISPICANCHI,MARCAPATA,181,248,1503
CUSCO,QUISPICANCHI,OCONGATE,486,2181,4032
CUSCO,QUISPICANCHI,OROPESA,1042,1097,411
CUSCO,QUISPICANCHI,QUIQUIJANA,270,860,2122
CUSCO,URUBAMBA,URUBAMBA,2067,2158,1546
CUSCO,URUBAMBA,CHINCHERO,758,1135,1149
CUSCO,URUBAMBA,HUAYLLABAMBA,385,509,823
CUSCO,URUBAMBA,MACHUPICCHU,620,553,386
CUSCO,URUBAMBA,MARAS,191,90,2587
CUSCO,URUBAMBA,OLLANTAYTAMBO,531,961,1420
CUSCO,URUBAMBA,YUCAY,204,744,203
HUANCAVELICA,HUANCAVELICA,HUANCAVELICA,16242,44400,70975
HUANCAVELICA,HUANCAVELICA,ACOBAMBILLA,58,388,502
HUANCAVELICA,HUANCAVELICA,ACORIA,552,2082,4077
HUANCAVELICA,HUANCAVELICA,CONAYCA,17,148,94
HUANCAVELICA,HUANCAVELICA,CUENCA,30,131,357
HUANCAVELICA,HUANCAVELICA,HUACHOCOLPA,96,129,453
HUANCAVELICA,HUANCAVELICA,HUAYLLAHUARA,34,127,167
HUANCAVELICA,HUANCAVELICA,IZCUCHACA,100,208,54
HUANCAVELICA,HUANCAVELICA,LARIA,20,94,209
HUANCAVELICA,HUANCAVELICA,MANTA,25,139,157
HUANCAVELICA,HUANCAVELICA,MARISCAL CACERES,12,101,54
HUANCAVELICA,HUANCAVELICA,MOYA,45,125,225
HUANCAVELICA,HUANCAVELICA,NUEVO OCCORO,92,219,617
HUANCAVELICA,HUANCAVELICA,PALCA,96,337,429
HUANCAVELICA,HUANCAVELICA,PILCHACA,18,91,118
HUANCAVELICA,HUANCAVELICA,VILCA,44,406,486
HUANCAVELICA,HUANCAVELICA,YAULI,823,1459,5243
HUANCAVELICA,HUANCAVELICA,ASCENSION,1183,1936,1197
HUANCAVELICA,HUANCAVELICA,HUANDO,186,777,1307
HUANCAVELICA,ACOBAMBA,ACOBAMBA,677,1791,816
HUANCAVELICA,ACOBAMBA,ANDABAMBA,67,469,905
HUANCAVELICA,ACOBAMBA,ANTA,87,418,1401
HUANCAVELICA,ACOBAMBA,CAJA,58,229,785
HUANCAVELICA,ACOBAMBA,MARCAS,44,328,523
HUANCAVELICA,ACOBAMBA,PAUCARA,315,1301,2091
HUANCAVELICA,ACOBAMBA,POMACOCHA,87,653,679
HUANCAVELICA,ACOBAMBA,ROSARIO,103,409,1726
HUANCAVELICA,ANGARAES,LIRCAY,1599,2764,4340
HUANCAVELICA,ANGARAES,ANCHONGA,245,465,2151
HUANCAVELICA,ANGARAES,CALLANMARCA,24,82,253
HUANCAVELICA,ANGARAES,CCOCHACCASA,227,327,206
HUANCAVELICA,ANGARAES,CHINCHO,36,213,194
HUANCAVELICA,ANGARAES,CONGALLA,86,526,1001
HUANCAVELICA,ANGARAES,HUANCA-HUANCA,33,206,388
HUANCAVELICA,ANGARAES,HUAYLLAY GRANDE,27,118,387
HUANCAVELICA,ANGARAES,JULCAMARCA,38,207,229
HUANCAVELICA,ANGARAES,SAN ANTONIO DE ANTAPARCO,26,153,172
HUANCAVELICA,ANGARAES,SANTO TOMAS DE PATA,44,204,495
HUANCAVELICA,ANGARAES,SECCLLA,77,515,619
HUANCAVELICA,CASTROVIRREYNA,CASTROVIRREYNA,215,338,293
HUANCAVELICA,CASTROVIRREYNA,ARMA,21,66,284
HUANCAVELICA,CASTROVIRREYNA,AURAHUA,34,189,339
HUANCAVELICA,CASTROVIRREYNA,CAPILLAS,27,244,175
HUANCAVELICA,CASTROVIRREYNA,CHUPAMARCA,13,173,138
HUANCAVELICA,CASTROVIRREYNA,COCAS,35,127,386
HUANCAVELICA,CASTROVIRREYNA,HUACHOS,24,184,309
HUANCAVELICA,CASTROVIRREYNA,HUAMATAMBO,8,84,48
HUANCAVELICA,CASTROVIRREYNA,MOLLEPAMPA,29,179,215
HUANCAVELICA,CASTROVIRREYNA,SAN JUAN,31,114,208
HUANCAVELICA,CASTROVIRREYNA,SANTA ANA,56,61,259
HUANCAVELICA,CASTROVIRREYNA,TANTARA,24,170,96
HUANCAVELICA,CASTROVIRREYNA,TICRAPO,95,236,244
HUANCAVELICA,CHURCAMPA,CHURCAMPA,190,797,885
HUANCAVELICA,CHURCAMPA,ANCO,104,1008,934
HUANCAVELICA,CHURCAMPA,CHINCHIHUASI,38,235,793
HUANCAVELICA,CHURCAMPA,EL CARMEN,42,104,1078
HUANCAVELICA,CHURCAMPA,LA MERCED,7,83,187
HUANCAVELICA,CHURCAMPA,LOCROJA,91,333,1162
HUANCAVELICA,CHURCAMPA,PAUCARBAMBA,64,614,1214
HUANCAVELICA,CHURCAMPA,SAN MIGUEL DE MAYOCC,21,111,168
HUANCAVELICA,CHURCAMPA,SAN PEDRO DE CORIS,63,244,816
HUANCAVELICA,CHURCAMPA,PACHAMARCA,54,394,554
HUANCAVELICA,CHURCAMPA,COSME,31,509,730
HUANCAVELICA,HUAYTARA,HUAYTARA,156,327,252
HUANCAVELICA,HUAYTARA,AYAVI,10,65,159
HUANCAVELICA,HUAYTARA,CORDOVA,25,223,211
HUANCAVELICA,HUAYTARA,HUAYACUNDO ARMA,8,65,32
HUANCAVELICA,HUAYTARA,LARAMARCA,15,127,73
HUANCAVELICA,HUAYTARA,OCOYO,17,136,164
HUANCAVELICA,HUAYTARA,PILPICHACA,161,213,1390
HUANCAVELICA,HUAYTARA,QUERCO,21,167,153
HUANCAVELICA,HUAYTARA,QUITO-ARMA,18,152,133
HUANCAVELICA,HUAYTARA,SAN ANTONIO DE CUSICANCHA,26,173,276
HUANCAVELICA,HUAYTARA,SAN FRANCISCO DE SANGAYAICO,11,136,283
HUANCAVELICA,HUAYTARA,SAN ISIDRO,11,40,187
HUANCAVELICA,HUAYTARA,SANTIAGO DE CHOCORVOS,70,241,477
HUANCAVELICA,HUAYTARA,SANTIAGO DE QUIRAHUARA,10,18,188
HUANCAVELICA,HUAYTARA,SANTO DOMINGO DE CAPILLAS,19,130,142
HUANCAVELICA,HUAYTARA,TAMBO,21,166,118
HUANCAVELICA,TAYACAJA,PAMPAS,654,1554,948
HUANCAVELICA,TAYACAJA,ACOSTAMBO,96,503,797
HUANCAVELICA,TAYACAJA,ACRAQUIA,208,811,698
HUANCAVELICA,TAYACAJA,AHUAYCHA,164,743,567
HUANCAVELICA,TAYACAJA,COLCABAMBA,324,1563,3104
HUANCAVELICA,TAYACAJA,DANIEL HERNANDEZ,539,1566,1362
HUANCAVELICA,TAYACAJA,HUACHOCOLPA,65,280,540
HUANCAVELICA,TAYACAJA,HUARIBAMBA,107,320,1118
HUANCAVELICA,TAYACAJA,ÑAHUIMPUQUIO,47,304,270
HUANCAVELICA,TAYACAJA,PAZOS,204,1125,690
HUANCAVELICA,TAYACAJA,QUISHUAR,10,93,187
HUANCAVELICA,TAYACAJA,SALCABAMBA,77,474,1042
HUANCAVELICA,TAYACAJA,SALCAHUASI,33,249,905
HUANCAVELICA,TAYACAJA,SAN MARCOS DE ROCCHAC,60,154,683
HUANCAVELICA,TAYACAJA,SURCUBAMBA,90,441,1206
HUANCAVELICA,TAYACAJA,TINTAY PUNCU,51,132,611
HUANCAVELICA,TAYACAJA,QUICHUAS,90,544,1013
HUANCAVELICA,TAYACAJA,ANDAYMARCA,57,406,624
HUANCAVELICA,TAYACAJA,ROBLE,12,185,364
HUANCAVELICA,TAYACAJA,PICHOS,18,331,295
HUANCAVELICA,TAYACAJA,SANTIAGO DE TUCUMA,16,341,166
HUANCAVELICA,TAYACAJA,LAMBRAS,58,398,481
HUANCAVELICA,TAYACAJA,COCHABAMBA,10,20,364
HUANUCO,HUANUCO,HUANUCO,11103,3690,2122
HUANUCO,HUANUCO,AMARILIS,45541,86020,89466
HUANUCO,HUANUCO,CHINCHAO,45541,86020,89466
HUANUCO,HUANUCO,CHURUBAMBA,357,2550,3678
HUANUCO,HUANUCO,MARGOS,65,958,700
HUANUCO,HUANUCO,QUISQUI (KICHKI),151,695,847
HUANUCO,HUANUCO,SAN FRANCISCO DE CAYRAN,182,931,809
HUANUCO,HUANUCO,SAN PEDRO DE CHAULAN,16,376,666
HUANUCO,HUANUCO,SANTA MARIA DEL VALLE,863,2890,2702
HUANUCO,HUANUCO,YARUMAYO,46,292,408
HUANUCO,HUANUCO,PILLCO MARCA,2782,2209,2496
HUANUCO,HUANUCO,YACUS,19,387,508
HUANUCO,HUANUCO,SAN PABLO DE PILLAO,195,1967,914
HUANUCO,AMBO,AMBO,621,2080,2710
HUANUCO,AMBO,CAYNA,55,534,384
HUANUCO,AMBO,COLPAS,16,247,383
HUANUCO,AMBO,CONCHAMARCA,195,1079,598
HUANUCO,AMBO,HUACAR,204,1637,711
HUANUCO,AMBO,SAN FRANCISCO,55,490,128
HUANUCO,AMBO,SAN RAFAEL,229,1634,1594
HUANUCO,AMBO,TOMAY KICHWA,360,506,258
HUANUCO,DOS DE MAYO,LA UNION,138,713,678
HUANUCO,DOS DE MAYO,CHUQUIS,75,522,776
HUANUCO,DOS DE MAYO,MARIAS,58,888,1092
HUANUCO,DOS DE MAYO,PACHAS,178,1170,856
HUANUCO,DOS DE MAYO,QUIVILLA,29,170,184
HUANUCO,DOS DE MAYO,RIPAN,175,627,978
HUANUCO,DOS DE MAYO,SHUNQUI,68,327,389
HUANUCO,DOS DE MAYO,SILLAPATA,80,382,400
HUANUCO,DOS DE MAYO,YANAS,78,408,632
HUANUCO,HUACAYBAMBA,HUACAYBAMBA,120,990,459
HUANUCO,HUACAYBAMBA,CANCHABAMBA,69,379,575
HUANUCO,HUACAYBAMBA,COCHABAMBA,11,187,255
HUANUCO,HUACAYBAMBA,PINRA,79,994,914
HUANUCO,HUAMALIES,LLATA,462,2280,1879
HUANUCO,HUAMALIES,ARANCAY,35,403,228
HUANUCO,HUAMALIES,CHAVIN DE PARIARCA,37,604,670
HUANUCO,HUAMALIES,JACAS GRANDE,176,718,1263
HUANUCO,HUAMALIES,JIRCAN,28,278,256
HUANUCO,HUAMALIES,MIRAFLORES,63,653,435
HUANUCO,HUAMALIES,MONZON,498,1860,2636
HUANUCO,HUAMALIES,PUNCHAO,55,427,221
HUANUCO,HUAMALIES,PUÑOS,118,721,829
HUANUCO,HUAMALIES,SINGA,84,576,498
HUANUCO,HUAMALIES,TANTAMAYO,22,354,341
HUANUCO,LEONCIO PRADO,RUPA-RUPA,4348,3885,3210
HUANUCO,LEONCIO PRADO,DANIEL ALOMIA ROBLES,173,1135,1048
HUANUCO,LEONCIO PRADO,HERMILIO VALDIZAN,135,833,511
HUANUCO,LEONCIO PRADO,JOSE CRESPO Y CASTILLO,2010,2583,1884
HUANUCO,LEONCIO PRADO,LUYANDO,388,1283,1822
HUANUCO,LEONCIO PRADO,MARIANO DAMASO BERAUN,819,1927,1069
HUANUCO,LEONCIO PRADO,PUCAYACU,99,685,756
HUANUCO,LEONCIO PRADO,CASTILLO GRANDE,659,1130,1332
HUANUCO,LEONCIO PRADO,PUEBLO NUEVO,122,591,1015
HUANUCO,LEONCIO PRADO,SANTO DOMINGO DE ANDA,156,566,336
HUANUCO,MARAÑON,HUACRACHUCO,238,3172,1269
HUANUCO,MARAÑON,CHOLON,180,755,1497
HUANUCO,MARAÑON,SAN BUENAVENTURA,55,401,351
HUANUCO,MARAÑON,LA MORADA,47,430,954
HUANUCO,MARAÑON,SANTA ROSA DE ALTO JAYANANCA,31,89,1001
HUANUCO,PACHITEA,PANAO,329,1845,4123
HUANUCO,PACHITEA,CHAGLLA,504,1967,1851
HUANUCO,PACHITEA,MOLINO,444,1738,2384
HUANUCO,PACHITEA,UMARI,268,1373,2494
HUANUCO,PUERTO INCA,PUERTO INCA,672,1266,1369
HUANUCO,PUERTO INCA,CODO DEL POZUZO,468,539,1097
HUANUCO,PUERTO INCA,HONORIA,291,808,855
HUANUCO,PUERTO INCA,TOURNAVISTA,156,639,1564
HUANUCO,PUERTO INCA,YUYAPICHIS,423,469,901
HUANUCO,LAURICOCHA,JESUS,135,847,573
HUANUCO,LAURICOCHA,BAÑOS,96,431,413
HUANUCO,LAURICOCHA,JIVIA,41,149,256
HUANUCO,LAURICOCHA,QUEROPALCA,26,97,81
HUANUCO,LAURICOCHA,RONDOS,131,724,797
HUANUCO,LAURICOCHA,SAN FRANCISCO DE ASIS,16,345,185
HUANUCO,LAURICOCHA,SAN MIGUEL DE CAURI,102,482,1223
HUANUCO,YAROWILCA,CHAVINILLO,113,677,852
HUANUCO,YAROWILCA,CAHUAC,55,273,167
HUANUCO,YAROWILCA,CHACABAMBA,41,308,167
HUANUCO,YAROWILCA,APARICIO POMARES,120,806,1142
HUANUCO,YAROWILCA,JACAS CHICO,32,198,232
HUANUCO,YAROWILCA,OBAS,96,717,947
HUANUCO,YAROWILCA,PAMPAMARCA,24,178,392
HUANUCO,YAROWILCA,CHORAS,37,389,416
ICA,ICA,ICA,71219,120710,22807
ICA,ICA,LA TINGUIÑA,71219,120710,22807
ICA,ICA,LOS AQUIJES,1935,3897,843
ICA,ICA,OCUCAJE,338,668,332
ICA,ICA,PACHACUTEC,285,731,230
ICA,ICA,PARCONA,6291,8628,237
ICA,ICA,PUEBLO NUEVO,283,246,424
ICA,ICA,SALAS,1373,4472,425
ICA,ICA,SAN JOSE DE LOS MOLINOS,241,376,331
ICA,ICA,SAN JUAN BAUTISTA,1372,916,387
ICA,ICA,SANTIAGO,2037,3119,1110
ICA,ICA,SUBTANJALLA,3996,5245,247
ICA,ICA,TATE,451,913,316
ICA,ICA,YAUCA DEL ROSARIO,41,31,195
ICA,CHINCHA,CHINCHA ALTA,4771,8428,879
ICA,CHINCHA,ALTO LARAN,414,552,252
ICA,CHINCHA,CHAVIN,16,136,135
ICA,CHINCHA,CHINCHA BAJA,730,675,266
ICA,CHINCHA,EL CARMEN,493,443,817
ICA,CHINCHA,GROCIO PRADO,2637,5261,1066
ICA,CHINCHA,PUEBLO NUEVO,5030,10923,969
ICA,CHINCHA,SAN JUAN DE YANAC,104,155,286
ICA,CHINCHA,SAN PEDRO DE HUACARPANA,6,85,174
ICA,CHINCHA,SUNAMPE,2533,6218,596
ICA,CHINCHA,TAMBO DE MORA,200,935,77
ICA,NAZCA,NAZCA,3106,5103,892
ICA,NAZCA,CHANGUILLO,231,203,347
ICA,NAZCA,EL INGENIO,389,469,645
ICA,NAZCA,MARCONA,431,1772,128
ICA,NAZCA,VISTA ALEGRE,3478,5529,1078
ICA,PALPA,PALPA,439,569,536
ICA,PALPA,LLIPATA,172,113,210
ICA,PALPA,RIO GRANDE,173,156,207
ICA,PALPA,SANTA CRUZ,103,119,149
ICA,PALPA,TIBILLO,2,42,38
ICA,PISCO,PISCO,4938,7546,1242
ICA,PISCO,HUANCANO,197,161,252
ICA,PISCO,HUMAY,1190,919,281
ICA,PISCO,INDEPENDENCIA,672,1296,1223
ICA,PISCO,PARACAS,649,1486,190
ICA,PISCO,SAN ANDRES,704,4388,1539
ICA,PISCO,SAN CLEMENTE,3244,4574,470
ICA,PISCO,TUPAC AMARU INCA,1568,4021,790
JUNIN,HUANCAYO,HUANCAYO,97333,113405,132158
JUNIN,HUANCAYO,CARHUACALLANGA,97333,113405,132158
JUNIN,HUANCAYO,CHACAPAMPA,20,112,166
JUNIN,HUANCAYO,CHICCHE,97333,113405,132158
JUNIN,HUANCAYO,CHILCA,8490,8203,7566
JUNIN,HUANCAYO,CHONGOS ALTO,42,226,181
JUNIN,HUANCAYO,CHUPURO,205,310,242
JUNIN,HUANCAYO,COLCA,14,193,196
JUNIN,HUANCAYO,CULLHUAS,29,46,691
JUNIN,HUANCAYO,EL TAMBO,8788,4879,3524
JUNIN,HUANCAYO,HUACRAPUQUIO,143,249,151
JUNIN,HUANCAYO,HUALHUAS,629,893,565
JUNIN,HUANCAYO,HUANCAN,4261,3310,1590
JUNIN,HUANCAYO,HUASICANCHA,7,110,88
JUNIN,HUANCAYO,HUAYUCACHI,871,1249,1327
JUNIN,HUANCAYO,INGENIO,154,332,126
JUNIN,HUANCAYO,PARIAHUANCA,68,860,1103
JUNIN,HUANCAYO,PILCOMAYO,2304,1959,1158
JUNIN,HUANCAYO,PUCARA,112,653,612
JUNIN,HUANCAYO,QUICHUAY,94,236,85
JUNIN,HUANCAYO,QUILCAS,235,530,257
JUNIN,HUANCAYO,SAN AGUSTIN,2554,1428,751
JUNIN,HUANCAYO,SAN JERONIMO DE TUNAN,1175,847,238
JUNIN,HUANCAYO,SAÑO,389,664,379
JUNIN,HUANCAYO,SAPALLANGA,1441,1839,1377
JUNIN,HUANCAYO,SICAYA,904,2009,2205
JUNIN,HUANCAYO,SANTO DOMINGO DE ACOBAMBA,85,625,1703
JUNIN,HUANCAYO,VIQUES,119,263,157
JUNIN,CONCEPCION,CONCEPCION,1875,878,464
JUNIN,CONCEPCION,ACO,69,343,194
JUNIN,CONCEPCION,ANDAMARCA,33,298,1028
JUNIN,CONCEPCION,CHAMBARA,82,652,259
JUNIN,CONCEPCION,COCHAS,23,457,245
JUNIN,CONCEPCION,COMAS,118,487,1458
JUNIN,CONCEPCION,HEROINAS TOLEDO,39,246,77
JUNIN,CONCEPCION,MANZANARES,117,308,127
JUNIN,CONCEPCION,MARISCAL CASTILLA,18,289,299
JUNIN,CONCEPCION,MATAHUASI,128,469,323
JUNIN,CONCEPCION,MITO,54,219,86
JUNIN,CONCEPCION,NUEVE DE JULIO,103,302,169
JUNIN,CONCEPCION,ORCOTUNA,373,565,286
JUNIN,CONCEPCION,SAN JOSE DE QUERO,237,721,325
JUNIN,CONCEPCION,SANTA ROSA DE OCOPA,162,345,96
JUNIN,CHANCHAMAYO,CHANCHAMAYO,3767,2863,3496
JUNIN,CHANCHAMAYO,PERENE,2972,5160,9871
JUNIN,CHANCHAMAYO,PICHANAQUI,2238,3687,12791
JUNIN,CHANCHAMAYO,SAN LUIS DE SHUARO,266,858,951
JUNIN,CHANCHAMAYO,SAN RAMON,4068,3698,4427
JUNIN,CHANCHAMAYO,VITOC,115,288,95
JUNIN,JAUJA,JAUJA,1278,1443,616
JUNIN,JAUJA,ACOLLA,204,1077,397
JUNIN,JAUJA,APATA,151,866,582
JUNIN,JAUJA,ATAURA,132,185,32
JUNIN,JAUJA,CANCHAYLLO,175,177,104
JUNIN,JAUJA,CURICACA,78,127,265
JUNIN,JAUJA,EL MANTARO,181,287,141
JUNIN,JAUJA,HUAMALI,146,237,63
JUNIN,JAUJA,HUARIPAMPA,46,211,105
JUNIN,JAUJA,HUERTAS,132,464,200
JUNIN,JAUJA,JANJAILLO,22,111,116
JUNIN,JAUJA,JULCAN,56,190,77
JUNIN,JAUJA,LEONOR ORDOÑEZ,147,358,116
JUNIN,JAUJA,LLOCLLAPAMPA,133,121,76
JUNIN,JAUJA,MARCO,55,394,164
JUNIN,JAUJA,MASMA,127,446,137
JUNIN,JAUJA,MASMA CHICCHE,24,192,85
JUNIN,JAUJA,MOLINOS,65,262,116
JUNIN,JAUJA,MONOBAMBA,32,219,369
JUNIN,JAUJA,MUQUI,68,208,102
JUNIN,JAUJA,MUQUIYAUYO,104,316,208
JUNIN,JAUJA,PACA,35,245,65
JUNIN,JAUJA,PACCHA,125,268,96
JUNIN,JAUJA,PANCAN,101,431,139
JUNIN,JAUJA,PARCO,35,194,139
JUNIN,JAUJA,POMACANCHA,63,281,136
JUNIN,JAUJA,RICRAN,44,233,158
JUNIN,JAUJA,SAN LORENZO,135,516,135
JUNIN,JAUJA,SAN PEDRO DE CHUNAN,38,98,61
JUNIN,JAUJA,SAUSA,671,332,132
JUNIN,JAUJA,SINCOS,146,810,302
JUNIN,JAUJA,TUNAN MARCA,85,168,117
JUNIN,JAUJA,YAULI,34,257,89
JUNIN,JAUJA,YAUYOS,1110,779,451
JUNIN,JUNIN,JUNIN,788,1271,499
JUNIN,JUNIN,CARHUAMAYO,542,756,522
JUNIN,JUNIN,ONDORES,83,212,233
JUNIN,JUNIN,ULCUMAYO,151,628,1312
JUNIN,SATIPO,SATIPO,2224,4516,6251
JUNIN,SATIPO,COVIRIALI,141,690,632
JUNIN,SATIPO,LLAYLLA,101,1055,806
JUNIN,SATIPO,MAZAMARI,1139,3418,5841
JUNIN,SATIPO,PAMPA HERMOSA,65,473,1039
JUNIN,SATIPO,PANGOA,2437,5926,17310
JUNIN,SATIPO,RIO NEGRO,371,1736,4035
JUNIN,SATIPO,RIO TAMBO,595,750,9744
JUNIN,SATIPO,VISCATAN DEL ENE,66,220,1394
JUNIN,SATIPO,MAZAMARI/PANGOA,94,2,579
JUNIN,TARMA,TARMA,6013,5523,2697
JUNIN,TARMA,ACOBAMBA,286,674,1238
JUNIN,TARMA,HUARICOLCA,39,592,274
JUNIN,TARMA,HUASAHUASI,480,1654,881
JUNIN,TARMA,LA UNION,266,430,106
JUNIN,TARMA,PALCA,377,1039,378
JUNIN,TARMA,PALCAMAYO,247,644,325
JUNIN,TARMA,SAN PEDRO DE CAJAS,159,524,686
JUNIN,TARMA,TAPO,128,960,547
JUNIN,YAULI,LA OROYA,2078,804,193
JUNIN,YAULI,CHACAPALPA,38,83,130
JUNIN,YAULI,HUAY-HUAY,119,71,35
JUNIN,YAULI,MARCAPOMACOCHA,68,160,138
JUNIN,YAULI,MOROCOCHA,200,61,10
JUNIN,YAULI,PACCHA,333,71,40
JUNIN,YAULI,SANTA BARBARA DE CARHUACAYAN,133,124,101
JUNIN,YAULI,SANTA ROSA DE SACCO,934,686,186
JUNIN,YAULI,SUITUCANCHA,105,59,76
JUNIN,YAULI,YAULI,201,111,86
JUNIN,CHUPACA,CHUPACA,4123,1772,598
JUNIN,CHUPACA,AHUAC,509,741,363
JUNIN,CHUPACA,CHONGOS BAJO,307,681,218
JUNIN,CHUPACA,HUACHAC,192,346,206
JUNIN,CHUPACA,HUAMANCACA CHICO,547,826,484
JUNIN,CHUPACA,SAN JUAN DE ISCOS,213,425,145
JUNIN,CHUPACA,SAN JUAN DE JARPA,89,576,335
JUNIN,CHUPACA,TRES DE DICIEMBRE,66,456,409
JUNIN,CHUPACA,YANACANCHA,98,405,360
LA LIBERTAD,TRUJILLO,TRUJILLO,115250,226543,108194
LA LIBERTAD,TRUJILLO,EL PORVENIR,12666,20601,5119
LA LIBERTAD,TRUJILLO,FLORENCIA DE MORA,115250,226543,108194
LA LIBERTAD,TRUJILLO,HUANCHACO,6971,9582,3071
LA LIBERTAD,TRUJILLO,LA ESPERANZA,18001,28684,6125
LA LIBERTAD,TRUJILLO,LAREDO,3346,5125,830
LA LIBERTAD,TRUJILLO,MOCHE,4759,2809,473
LA LIBERTAD,TRUJILLO,POROTO,137,531,714
LA LIBERTAD,TRUJILLO,SALAVERRY,2134,3729,764
LA LIBERTAD,TRUJILLO,SIMBAL,162,885,505
LA LIBERTAD,TRUJILLO,VICTOR LARCO HERRERA,5006,4270,373
LA LIBERTAD,TRUJILLO,ALTO TRUJILLO,5626,13676,4893
LA LIBERTAD,ASCOPE,ASCOPE,553,1137,344
LA LIBERTAD,ASCOPE,CHICAMA,657,2043,762
LA LIBERTAD,ASCOPE,CHOCOPE,554,717,230
LA LIBERTAD,ASCOPE,MAGDALENA DE CAO,121,214,74
LA LIBERTAD,ASCOPE,PAIJAN,1780,5197,1362
LA LIBERTAD,ASCOPE,RAZURI,495,529,120
LA LIBERTAD,ASCOPE,SANTIAGO DE CAO,752,2183,285
LA LIBERTAD,ASCOPE,CASA GRANDE,1654,2818,515
LA LIBERTAD,BOLIVAR,BOLIVAR,65,443,981
LA LIBERTAD,BOLIVAR,BAMBAMARCA,90,641,569
LA LIBERTAD,BOLIVAR,CONDORMARCA,23,326,471
LA LIBERTAD,BOLIVAR,LONGOTEA,48,380,194
LA LIBERTAD,BOLIVAR,UCHUMARCA,4,219,446
LA LIBERTAD,BOLIVAR,UCUNCHA,7,190,139
LA LIBERTAD,CHEPEN,CHEPEN,4652,9014,1679
LA LIBERTAD,CHEPEN,PACANGA,838,3309,1242
LA LIBERTAD,CHEPEN,PUEBLO NUEVO,506,2959,957
LA LIBERTAD,JULCAN,JULCAN,189,1916,1706
LA LIBERTAD,JULCAN,CALAMARCA,128,956,1315
LA LIBERTAD,JULCAN,CARABAMBA,116,1389,840
LA LIBERTAD,JULCAN,HUASO,60,492,1467
LA LIBERTAD,OTUZCO,OTUZCO,908,2654,4009
LA LIBERTAD,OTUZCO,AGALLPAMPA,220,1578,1593
LA LIBERTAD,OTUZCO,CHARAT,42,447,381
LA LIBERTAD,OTUZCO,HUARANCHAL,29,352,1061
LA LIBERTAD,OTUZCO,LA CUESTA,12,88,135
LA LIBERTAD,OTUZCO,MACHE,99,777,246
LA LIBERTAD,OTUZCO,PARANDAY,1,92,74
LA LIBERTAD,OTUZCO,SALPO,160,1169,787
LA LIBERTAD,OTUZCO,SINSICAP,102,1122,1292
LA LIBERTAD,OTUZCO,USQUIL,243,3670,2974
LA LIBERTAD,PACASMAYO,SAN PEDRO DE LLOC,704,2191,753
LA LIBERTAD,PACASMAYO,GUADALUPE,2915,5487,2729
LA LIBERTAD,PACASMAYO,JEQUETEPEQUE,226,685,144
LA LIBERTAD,PACASMAYO,PACASMAYO,1262,4692,1188
LA LIBERTAD,PACASMAYO,SAN JOSE,595,1421,1788
LA LIBERTAD,PATAZ,TAYABAMBA,598,2230,1774
LA LIBERTAD,PATAZ,BULDIBUYO,59,765,354
LA LIBERTAD,PATAZ,CHILLIA,265,2534,1523
LA LIBERTAD,PATAZ,HUANCASPATA,129,1239,627
LA LIBERTAD,PATAZ,HUAYLILLAS,44,227,253
LA LIBERTAD,PATAZ,HUAYO,51,581,596
LA LIBERTAD,PATAZ,ONGON,37,6,643
LA LIBERTAD,PATAZ,PARCOY,1203,1791,907
LA LIBERTAD,PATAZ,PATAZ,377,419,404
LA LIBERTAD,PATAZ,PIAS,95,214,150
LA LIBERTAD,PATAZ,SANTIAGO DE CHALLAS,31,112,702
LA LIBERTAD,PATAZ,TAURIJA,81,671,403
LA LIBERTAD,PATAZ,URPAY,34,248,519
LA LIBERTAD,SANCHEZ CARRION,HUAMACHUCO,7347,6642,6901
LA LIBERTAD,SANCHEZ CARRION,CHUGAY,410,2671,2722
LA LIBERTAD,SANCHEZ CARRION,COCHORCO,188,1433,1384
LA LIBERTAD,SANCHEZ CARRION,CURGOS,150,1387,1245
LA LIBERTAD,SANCHEZ CARRION,MARCABAL,219,1275,3281
LA LIBERTAD,SANCHEZ CARRION,SANAGORAN,172,1262,2171
LA LIBERTAD,SANCHEZ CARRION,SARIN,118,1545,1572
LA LIBERTAD,SANCHEZ CARRION,SARTIMBAMBA,155,1821,3616
LA LIBERTAD,SANTIAGO DE CHUCO,SANTIAGO DE CHUCO,377,2337,4012
LA LIBERTAD,SANTIAGO DE CHUCO,ANGASMARCA,124,1145,643
LA LIBERTAD,SANTIAGO DE CHUCO,CACHICADAN,149,468,1121
LA LIBERTAD,SANTIAGO DE CHUCO,MOLLEBAMBA,36,495,284
LA LIBERTAD,SANTIAGO DE CHUCO,MOLLEPATA,96,545,331
LA LIBERTAD,SANTIAGO DE CHUCO,QUIRUVILCA,278,1374,1359
LA LIBERTAD,SANTIAGO DE CHUCO,SANTA CRUZ DE CHUCA,79,290,913
LA LIBERTAD,SANTIAGO DE CHUCO,SITABAMBA,38,381,821
LA LIBERTAD,GRAN CHIMU,CASCAS,581,2823,866
LA LIBERTAD,GRAN CHIMU,LUCMA,39,750,649
LA LIBERTAD,GRAN CHIMU,MARMOT,64,402,490
LA LIBERTAD,GRAN CHIMU,SAYAPULLO,134,1135,424
LA LIBERTAD,VIRU,VIRU,4782,7672,1980
LA LIBERTAD,VIRU,CHAO,2354,9604,2734
LA LIBERTAD,VIRU,GUADALUPITO,349,1127,710
LAMBAYEQUE,CHICLAYO,CHICLAYO,60382,152879,67833
LAMBAYEQUE,CHICLAYO,CHONGOYAPE,60382,152879,67833
LAMBAYEQUE,CHICLAYO,ETEN,582,1495,371
LAMBAYEQUE,CHICLAYO,ETEN PUERTO,242,415,17
LAMBAYEQUE,CHICLAYO,JOSE LEONARDO ORTIZ,8741,26208,5146
LAMBAYEQUE,CHICLAYO,LA VICTORIA,3542,11043,1040
LAMBAYEQUE,CHICLAYO,LAGUNAS,395,1483,1206
LAMBAYEQUE,CHICLAYO,MONSEFU,2222,5619,2741
LAMBAYEQUE,CHICLAYO,NUEVA ARICA,175,458,198
LAMBAYEQUE,CHICLAYO,OYOTUN,271,1197,1465
LAMBAYEQUE,CHICLAYO,PICSI,344,1596,728
LAMBAYEQUE,CHICLAYO,PIMENTEL,3597,4912,750
LAMBAYEQUE,CHICLAYO,REQUE,782,1558,764
LAMBAYEQUE,CHICLAYO,SANTA ROSA,1089,1704,649
LAMBAYEQUE,CHICLAYO,SAÑA,360,1647,1413
LAMBAYEQUE,CHICLAYO,CAYALTI,371,1258,400
LAMBAYEQUE,CHICLAYO,PATAPO,240,1383,514
LAMBAYEQUE,CHICLAYO,POMALCA,2779,4180,708
LAMBAYEQUE,CHICLAYO,PUCALA,471,1429,395
LAMBAYEQUE,CHICLAYO,TUMAN,3006,3606,515
LAMBAYEQUE,FERREÑAFE,FERREÑAFE,3968,5437,542
LAMBAYEQUE,FERREÑAFE,CAÑARIS,179,1541,2441
LAMBAYEQUE,FERREÑAFE,INCAHUASI,278,1560,2347
LAMBAYEQUE,FERREÑAFE,MANUEL ANTONIO MESONES MURO,181,678,601
LAMBAYEQUE,FERREÑAFE,PITIPO,993,3022,1907
LAMBAYEQUE,FERREÑAFE,PUEBLO NUEVO,1280,3767,945
LAMBAYEQUE,LAMBAYEQUE,LAMBAYEQUE,14261,42092,32982
LAMBAYEQUE,LAMBAYEQUE,CHOCHOPE,121,399,154
LAMBAYEQUE,LAMBAYEQUE,ILLIMO,300,1609,1066
LAMBAYEQUE,LAMBAYEQUE,JAYANCA,1096,3180,845
LAMBAYEQUE,LAMBAYEQUE,MOCHUMI,780,3049,2439
LAMBAYEQUE,LAMBAYEQUE,MORROPE,1473,5635,4503
LAMBAYEQUE,LAMBAYEQUE,MOTUPE,820,4022,4169
LAMBAYEQUE,LAMBAYEQUE,OLMOS,2009,6640,5385
LAMBAYEQUE,LAMBAYEQUE,PACORA,349,2118,892
LAMBAYEQUE,LAMBAYEQUE,SALAS,268,1114,3687
LAMBAYEQUE,LAMBAYEQUE,SAN JOSE,406,2646,1764
LAMBAYEQUE,LAMBAYEQUE,TUCUME,754,2546,2985
LIMA,LIMA,LIMA,27859,33289,2899
LIMA,LIMA,ANCON,4375,11272,2514
LIMA,LIMA,ATE,35169,64437,13102
LIMA,LIMA,BARRANCO,617071,1116683,243014
LIMA,LIMA,BREÑA,3132,2731,1059
LIMA,LIMA,CARABAYLLO,17139,50463,14171
LIMA,LIMA,CHACLACAYO,1868,6703,984
LIMA,LIMA,CHORRILLOS,617071,1116683,243014
LIMA,LIMA,CIENEGUILLA,2035,8489,3391
LIMA,LIMA,COMAS,37647,70326,13150
LIMA,LIMA,EL AGUSTINO,11140,27480,4609
LIMA,LIMA,INDEPENDENCIA,18589,36763,9491
LIMA,LIMA,JESUS MARIA,617071,1116683,243014
LIMA,LIMA,LA MOLINA,2791,2246,294
LIMA,LIMA,LA VICTORIA,14479,14319,1681
LIMA,LIMA,LINCE,1270,663,116
LIMA,LIMA,LOS OLIVOS,27710,18069,2009
LIMA,LIMA,LURIGANCHO,7513,31663,14796
LIMA,LIMA,LURIN,3583,19295,4001
LIMA,LIMA,MAGDALENA DEL MAR,415,1072,259
LIMA,LIMA,PUEBLO LIBRE,1169,675,151
LIMA,LIMA,MIRAFLORES,703,370,54
LIMA,LIMA,PACHACAMAC,8827,22844,6759
LIMA,LIMA,PUCUSANA,603,4346,1418
LIMA,LIMA,PUENTE PIEDRA,28985,60676,10585
LIMA,LIMA,PUNTA HERMOSA,856,1527,576
LIMA,LIMA,PUNTA NEGRA,319,1826,392
LIMA,LIMA,RIMAC,12636,22197,6099
LIMA,LIMA,SAN BARTOLO,978,1105,171
LIMA,LIMA,SAN BORJA,1670,400,113
LIMA,LIMA,SAN ISIDRO,400,346,26
LIMA,LIMA,SAN JUAN DE LURIGANCHO,62244,155398,34527
LIMA,LIMA,SAN JUAN DE MIRAFLORES,21566,39791,8722
LIMA,LIMA,SAN LUIS,4492,2738,353
LIMA,LIMA,SAN MARTIN DE PORRES,63372,60336,5996
LIMA,LIMA,SAN MIGUEL,1182,1024,155
LIMA,LIMA,SANTA ANITA,21214,32023,1833
LIMA,LIMA,SANTA MARIA DEL MAR,186,98,4
LIMA,LIMA,SANTA ROSA,1376,5887,2282
LIMA,LIMA,SANTIAGO DE SURCO,8283,5951,1138
LIMA,LIMA,SURQUILLO,5135,3966,869
LIMA,LIMA,VILLA EL SALVADOR,33851,62093,6706
LIMA,LIMA,VILLA MARIA DEL TRIUNFO,21788,54880,14577
LIMA,BARRANCA,BARRANCA,7093,13468,1988
LIMA,BARRANCA,PARAMONGA,3823,3281,356
LIMA,BARRANCA,PATIVILCA,678,2482,963
LIMA,BARRANCA,SUPE,3331,4321,1775
LIMA,BARRANCA,SUPE PUERTO,1861,2869,371
LIMA,CAJATAMBO,CAJATAMBO,131,406,189
LIMA,CAJATAMBO,COPA,22,175,164
LIMA,CAJATAMBO,GORGOR,25,300,236
LIMA,CAJATAMBO,HUANCAPON,19,219,109
LIMA,CAJATAMBO,MANAS,26,104,318
LIMA,CANTA,CANTA,149,255,214
LIMA,CANTA,ARAHUAY,54,47,61
LIMA,CANTA,HUAMANTANGA,27,113,102
LIMA,CANTA,HUAROS,39,119,84
LIMA,CANTA,LACHAQUI,17,98,119
LIMA,CANTA,SAN BUENAVENTURA,26,95,24
LIMA,CANTA,SANTA ROSA DE QUIVES,678,508,512
LIMA,CAÑETE,SAN VICENTE DE CAÑETE,6635,7845,1452
LIMA,CAÑETE,ASIA,977,1141,430
LIMA,CAÑETE,CALANGO,212,203,235
LIMA,CAÑETE,CERRO AZUL,816,952,210
LIMA,CAÑETE,CHILCA,1408,3461,563
LIMA,CAÑETE,COAYLLO,115,106,112
LIMA,CAÑETE,IMPERIAL,3392,10227,1300
LIMA,CAÑETE,LUNAHUANA,370,527,218
LIMA,CAÑETE,MALA,4375,4098,418
LIMA,CAÑETE,NUEVO IMPERIAL,1230,3490,3556
LIMA,CAÑETE,PACARAN,170,131,171
LIMA,CAÑETE,QUILMANA,1726,3500,926
LIMA,CAÑETE,SAN ANTONIO,400,585,94
LIMA,CAÑETE,SAN LUIS,1622,1784,294
LIMA,CAÑETE,SANTA CRUZ DE FLORES,288,105,58
LIMA,CAÑETE,ZUÑIGA,123,154,244
LIMA,HUARAL,HUARAL,6778,18293,4423
LIMA,HUARAL,ATAVILLOS ALTO,16,94,66
LIMA,HUARAL,ATAVILLOS BAJO,42,126,122
LIMA,HUARAL,AUCALLAMA,2156,2128,1212
LIMA,HUARAL,CHANCAY,7373,8207,1555
LIMA,HUARAL,IHUARI,30,174,664
LIMA,HUARAL,LAMPIAN,6,104,90
LIMA,HUARAL,PACARAOS,23,117,85
LIMA,HUARAL,SAN MIGUEL DE ACOS,38,69,89
LIMA,HUARAL,SANTA CRUZ DE ANDAMARCA,26,58,52
LIMA,HUARAL,SUMBILCA,20,134,164
LIMA,HUARAL,VEINTISIETE DE NOVIEMBRE,17,73,85
LIMA,HUAROCHIRI,MATUCANA,238,243,492
LIMA,HUAROCHIRI,ANTIOQUIA,28,49,185
LIMA,HUAROCHIRI,CALLAHUANCA,74,51,77
LIMA,HUAROCHIRI,CARAMPOMA,17,68,69
LIMA,HUAROCHIRI,CHICLA,183,86,44
LIMA,HUAROCHIRI,CUENCA,12,64,59
LIMA,HUAROCHIRI,HUACHUPAMPA,6,68,128
LIMA,HUAROCHIRI,HUANZA,11,109,77
LIMA,HUAROCHIRI,HUAROCHIRI,59,184,50
LIMA,HUAROCHIRI,LAHUAYTAMBO,8,89,44
LIMA,HUAROCHIRI,LANGA,10,181,80
LIMA,HUAROCHIRI,LARAOS,11,69,40
LIMA,HUAROCHIRI,MARIATANA,103,178,148
LIMA,HUAROCHIRI,RICARDO PALMA,417,981,207
LIMA,HUAROCHIRI,SAN ANDRES DE TUPICOCHA,18,171,206
LIMA,HUAROCHIRI,SAN ANTONIO,3650,4040,3352
LIMA,HUAROCHIRI,SAN BARTOLOME,70,115,167
LIMA,HUAROCHIRI,SAN DAMIAN,32,294,91
LIMA,HUAROCHIRI,SAN JUAN DE IRIS,4,51,28
LIMA,HUAROCHIRI,SAN JUAN DE TANTARANCHE,11,62,10
LIMA,HUAROCHIRI,SAN LORENZO DE QUINTI,14,134,313
LIMA,HUAROCHIRI,SAN MATEO,348,545,216
LIMA,HUAROCHIRI,SAN MATEO DE OTAO,103,222,239
LIMA,HUAROCHIRI,SAN PEDRO DE CASTA,29,48,250
LIMA,HUAROCHIRI,SAN PEDRO DE HUANCAYRE,1,55,12
LIMA,HUAROCHIRI,SANGALLAYA,19,89,91
LIMA,HUAROCHIRI,SANTA CRUZ DE COCACHACRA,228,232,241
LIMA,HUAROCHIRI,SANTA EULALIA,561,2411,302
LIMA,HUAROCHIRI,SANTIAGO DE ANCHUCAYA,6,46,139
LIMA,HUAROCHIRI,SANTIAGO DE TUNA,12,131,47
LIMA,HUAROCHIRI,SANTO DOMINGO DE LOS OLLEROS,434,427,195
LIMA,HUAROCHIRI,SURCO,50,195,468
LIMA,HUAURA,HUACHO,5691,7578,393
LIMA,HUAURA,AMBAR,39,241,392
LIMA,HUAURA,CALETA DE CARQUIN,855,1077,152
LIMA,HUAURA,CHECRAS,24,153,191
LIMA,HUAURA,HUALMAY,4445,5642,184
LIMA,HUAURA,HUAURA,2141,6871,872
LIMA,HUAURA,LEONCIO PRADO,144,253,245
LIMA,HUAURA,PACCHO,16,237,201
LIMA,HUAURA,SANTA LEONOR,30,58,113
LIMA,HUAURA,SANTA MARIA,2642,8039,1008
LIMA,HUAURA,SAYAN,1471,2884,1559
LIMA,HUAURA,VEGUETA,893,2904,2056
LIMA,OYON,OYON,214,698,938
LIMA,OYON,ANDAJES,13,49,53
LIMA,OYON,CAUJUL,28,144,15
LIMA,OYON,COCHAMARCA,10,294,103
LIMA,OYON,NAVAN,13,193,124
LIMA,OYON,PACHANGARA,320,265,261
LIMA,YAUYOS,YAUYOS,79,220,63
LIMA,YAUYOS,ALIS,11,8,51
LIMA,YAUYOS,ALLAUCA,76,228,216
LIMA,YAUYOS,AYAVIRI,20,140,30
LIMA,YAUYOS,AZANGARO,14,99,81
LIMA,YAUYOS,CACRA,24,71,113
LIMA,YAUYOS,CARANIA,5,50,18
LIMA,YAUYOS,CATAHUASI,78,133,299
LIMA,YAUYOS,CHOCOS,25,110,275
LIMA,YAUYOS,COCHAS,25,31,20
LIMA,YAUYOS,COLONIA,33,186,449
LIMA,YAUYOS,HONGOS,7,122,44
LIMA,YAUYOS,HUAMPARA,15,40,2
LIMA,YAUYOS,HUANCAYA,18,57,48
LIMA,YAUYOS,HUANGASCAR,24,104,94
LIMA,YAUYOS,HUANTAN,43,119,39
LIMA,YAUYOS,HUAÑEC,2,40,51
LIMA,YAUYOS,LARAOS,23,98,69
LIMA,YAUYOS,LINCHA,22,159,104
LIMA,YAUYOS,MADEAN,12,165,154
LIMA,YAUYOS,MIRAFLORES,26,72,9
LIMA,YAUYOS,OMAS,32,89,95
LIMA,YAUYOS,PUTINZA,27,62,128
LIMA,YAUYOS,QUINCHES,8,187,42
LIMA,YAUYOS,QUINOCAY,62,90,40
LIMA,YAUYOS,SAN JOAQUIN,10,25,9
LIMA,YAUYOS,SAN PEDRO DE PILAS,12,59,82
LIMA,YAUYOS,TANTA,26,62,26
LIMA,YAUYOS,TAURIPAMPA,18,161,55
LIMA,YAUYOS,TOMAS,28,79,124
LIMA,YAUYOS,TUPE,19,53,129
LIMA,YAUYOS,VIÑAC,33,241,361
LIMA,YAUYOS,VITIS,8,51,39
LORETO,MAYNAS,IQUITOS,31155,47377,176135
LORETO,MAYNAS,ALTO NANAY,31155,47377,176135
LORETO,MAYNAS,FERNANDO LORES,81,436,3471
LORETO,MAYNAS,INDIANA,52,451,2736
LORETO,MAYNAS,LAS AMAZONAS,60,152,2433
LORETO,MAYNAS,MAZAN,185,447,3862
LORETO,MAYNAS,NAPO,111,348,3447
LORETO,MAYNAS,PUNCHANA,2412,4980,10055
LORETO,MAYNAS,TORRES CAUSANA,44,23,1536
LORETO,MAYNAS,BELEN,2738,5264,12862
LORETO,MAYNAS,SAN JUAN BAUTISTA,11547,11044,13972
LORETO,ALTO AMAZONAS,YURIMAGUAS,4642,4755,18110
LORETO,ALTO AMAZONAS,BALSAPUERTO,251,5707,840
LORETO,ALTO AMAZONAS,JEBEROS,18,81,1327
LORETO,ALTO AMAZONAS,LAGUNAS,181,95,4533
LORETO,ALTO AMAZONAS,SANTA CRUZ,38,16,1236
LORETO,ALTO AMAZONAS,TENIENTE CESAR LOPEZ ROJAS,33,881,988
LORETO,LORETO,NAUTA,454,1579,5091
LORETO,LORETO,PARINARI,39,136,1683
LORETO,LORETO,TIGRE,83,2929,202
LORETO,LORETO,TROMPETEROS,116,26,2408
LORETO,LORETO,URARINAS,120,83,4862
LORETO,MARISCAL RAMON CASTILLA,RAMON CASTILLA,602,916,6092
LORETO,MARISCAL RAMON CASTILLA,PEBAS,97,771,3189
LORETO,MARISCAL RAMON CASTILLA,YAVARI,109,1171,2404
LORETO,MARISCAL RAMON CASTILLA,SAN PABLO,113,815,3500
LORETO,REQUENA,REQUENA,1241,2001,6232
LORETO,REQUENA,ALTO TAPICHE,5,40,313
LORETO,REQUENA,CAPELO,22,298,921
LORETO,REQUENA,EMILIO SAN MARTIN,13,51,1433
LORETO,REQUENA,MAQUIA,24,146,2293
LORETO,REQUENA,PUINAHUA,80,94,1964
LORETO,REQUENA,SAQUENA,19,56,1005
LORETO,REQUENA,SOPLIN,2,200,2
LORETO,REQUENA,TAPICHE,5,194,148
LORETO,REQUENA,JENARO HERRERA,9,149,1151
LORETO,REQUENA,YAQUERANA,70,101,850
LORETO,UCAYALI,CONTAMANA,301,263,5943
LORETO,UCAYALI,INAHUAYA,9,21,539
LORETO,UCAYALI,PADRE MARQUEZ,36,245,1163
LORETO,UCAYALI,PAMPA HERMOSA,100,580,2084
LORETO,UCAYALI,SARAYACU,86,1356,2552
LORETO,UCAYALI,VARGAS GUERRA,106,474,1855
LORETO,DATEM DEL MARAÑON,BARRANCA,250,415,3732
LORETO,DATEM DEL MARAÑON,CAHUAPANAS,104,2883,310
LORETO,DATEM DEL MARAÑON,MANSERICHE,202,293,3111
LORETO,DATEM DEL MARAÑON,MORONA,180,161,3013
LORETO,DATEM DEL MARAÑON,PASTAZA,87,41,1932
LORETO,DATEM DEL MARAÑON,ANDOAS,174,3694,470
LORETO,PUTUMAYO,PUTUMAYO,144,127,1060
LORETO,PUTUMAYO,ROSA PANDURO,11,224,15
LORETO,PUTUMAYO,TENIENTE MANUEL CLAVERO,58,170,932
LORETO,PUTUMAYO,YAGUAS,37,498,79
MADRE DE DIOS,TAMBOPATA,TAMBOPATA,6980,10675,5428
MADRE DE DIOS,TAMBOPATA,INAMBARI,1440,1456,1089
MADRE DE DIOS,TAMBOPATA,LAS PIEDRAS,1582,1460,841
MADRE DE DIOS,TAMBOPATA,LABERINTO,526,707,494
MADRE DE DIOS,MANU,MANU,268,564,601
MADRE DE DIOS,MANU,FITZCARRALD,67,14,429
MADRE DE DIOS,MANU,MADRE DE DIOS,529,885,955
MADRE DE DIOS,MANU,HUEPETUHE,728,596,397
MADRE DE DIOS,TAHUAMANU,IÑAPARI,32,243,112
MADRE DE DIOS,TAHUAMANU,IBERIA,456,727,503
MADRE DE DIOS,TAHUAMANU,TAHUAMANU,416,426,187
MOQUEGUA,MARISCAL NIETO,MOQUEGUA,8597,4408,618
MOQUEGUA,MARISCAL NIETO,CARUMAS,20,242,105
MOQUEGUA,MARISCAL NIETO,CUCHUMBAYA,47,97,114
MOQUEGUA,MARISCAL NIETO,SAMEGUA,997,1251,162
MOQUEGUA,MARISCAL NIETO,SAN CRISTOBAL,129,161,313
MOQUEGUA,MARISCAL NIETO,TORATA,413,582,507
MOQUEGUA,MARISCAL NIETO,SAN ANTONIO,2556,3706,395
MOQUEGUA,GENERAL SANCHEZ CERRO,OMATE,177,128,68
MOQUEGUA,GENERAL SANCHEZ CERRO,CHOJATA,34,126,111
MOQUEGUA,GENERAL SANCHEZ CERRO,COALAQUE,89,149,47
MOQUEGUA,GENERAL SANCHEZ CERRO,ICHUÑA,199,423,477
MOQUEGUA,GENERAL SANCHEZ CERRO,LA CAPILLA,54,79,132
MOQUEGUA,GENERAL SANCHEZ CERRO,LLOQUE,24,117,85
MOQUEGUA,GENERAL SANCHEZ CERRO,MATALAQUE,37,90,126
MOQUEGUA,GENERAL SANCHEZ CERRO,PUQUINA,123,407,526
MOQUEGUA,GENERAL SANCHEZ CERRO,QUINISTAQUILLAS,42,37,15
MOQUEGUA,GENERAL SANCHEZ CERRO,UBINAS,132,462,377
MOQUEGUA,GENERAL SANCHEZ CERRO,YUNGA,40,173,92
MOQUEGUA,ILO,ILO,10217,8981,376
MOQUEGUA,ILO,EL ALGARROBAL,494,1276,79
MOQUEGUA,ILO,PACOCHA,383,45,1
PASCO,PASCO,CHAUPIMARCA,2710,2701,1624
PASCO,PASCO,HUACHON,331,602,419
PASCO,PASCO,HUARIACA,255,805,1178
PASCO,PASCO,HUAYLLAY,703,513,375
PASCO,PASCO,NINACACA,374,621,323
PASCO,PASCO,PALLANCHACRA,136,384,262
PASCO,PASCO,PAUCARTAMBO,1049,1995,1351
PASCO,PASCO,SAN FRANCISCO DE ASIS DE YARUSYACAN,980,1002,340
PASCO,PASCO,SIMON BOLIVAR,2166,705,195
PASCO,PASCO,TICLACAYAN,334,561,675
PASCO,PASCO,TINYAHUARCO,554,245,149
PASCO,PASCO,VICCO,286,244,423
PASCO,PASCO,YANACANCHA,1909,1042,449
PASCO,DANIEL ALCIDES CARRION,YANAHUANCA,653,2131,2157
PASCO,DANIEL ALCIDES CARRION,CHACAYAN,98,219,629
PASCO,DANIEL ALCIDES CARRION,GOYLLARISQUIZGA,51,138,108
PASCO,DANIEL ALCIDES CARRION,PAUCAR,55,347,535
PASCO,DANIEL ALCIDES CARRION,SAN PEDRO DE PILLAO,85,283,163
PASCO,DANIEL ALCIDES CARRION,SANTA ANA DE TUSI,366,999,1329
PASCO,DANIEL ALCIDES CARRION,TAPUC,75,310,494
PASCO,DANIEL ALCIDES CARRION,VILCABAMBA,57,221,280
PASCO,OXAPAMPA,OXAPAMPA,2388,1370,1054
PASCO,OXAPAMPA,CHONTABAMBA,783,597,366
PASCO,OXAPAMPA,HUANCABAMBA,425,1618,461
PASCO,OXAPAMPA,PALCAZU,325,307,2932
PASCO,OXAPAMPA,POZUZO,152,736,632
PASCO,OXAPAMPA,PUERTO BERMUDEZ,559,651,5249
PASCO,OXAPAMPA,VILLA RICA,1320,1431,2812
PASCO,OXAPAMPA,CONSTITUCION,422,1041,4139
PIURA,PIURA,PIURA,93313,236353,196035
PIURA,PIURA,CASTILLA,12331,18605,8274
PIURA,PIURA,CATACAOS,93313,236353,196035
PIURA,PIURA,CURA MORI,404,1705,3543
PIURA,PIURA,EL TALLAN,93313,236353,196035
PIURA,PIURA,LA ARENA,873,4898,10111
PIURA,PIURA,LA UNION,916,4655,7555
PIURA,PIURA,LAS LOMAS,575,3227,5450
PIURA,PIURA,TAMBO GRANDE,4892,14188,13298
PIURA,PIURA,VEINTISEIS DE OCTUBRE,8018,24865,13502
PIURA,AYABACA,AYABACA,458,3513,6304
PIURA,AYABACA,FRIAS,203,2933,3360
PIURA,AYABACA,JILILI,43,249,630
PIURA,AYABACA,LAGUNAS,71,650,1260
PIURA,AYABACA,MONTERO,123,375,1602
PIURA,AYABACA,PACAIPAMPA,285,1714,5201
PIURA,AYABACA,PAIMAS,299,1990,1833
PIURA,AYABACA,SAPILLICA,118,538,3430
PIURA,AYABACA,SICCHEZ,18,171,432
PIURA,AYABACA,SUYO,271,2088,1860
PIURA,HUANCABAMBA,HUANCABAMBA,694,2614,6162
PIURA,HUANCABAMBA,CANCHAQUE,154,238,2193
PIURA,HUANCABAMBA,EL CARMEN DE LA FRONTERA,109,1476,2450
PIURA,HUANCABAMBA,HUARMACA,579,4655,6694
PIURA,HUANCABAMBA,LALAQUIZ,38,695,654
PIURA,HUANCABAMBA,SAN MIGUEL DE EL FAIQUE,123,1622,1447
PIURA,HUANCABAMBA,SONDOR,119,959,1534
PIURA,HUANCABAMBA,SONDORILLO,161,1389,2383
PIURA,MORROPON,CHULUCANAS,3694,11744,12039
PIURA,MORROPON,BUENOS AIRES,207,1745,1320
PIURA,MORROPON,CHALACO,133,1543,1130
PIURA,MORROPON,LA MATANZA,516,2089,3560
PIURA,MORROPON,MORROPON,356,1212,4071
PIURA,MORROPON,SALITRAL,150,1610,1503
PIURA,MORROPON,SAN JUAN DE BIGOTE,183,1211,1185
PIURA,MORROPON,SANTA CATALINA DE MOSSA,51,629,785
PIURA,MORROPON,SANTO DOMINGO,134,658,1487
PIURA,MORROPON,YAMANGO,100,246,2315
PIURA,PAITA,PAITA,8015,12277,5023
PIURA,PAITA,AMOTAPE,189,305,260
PIURA,PAITA,ARENAL,100,167,103
PIURA,PAITA,COLAN,526,2321,1778
PIURA,PAITA,LA HUACA,823,1904,865
PIURA,PAITA,TAMARINDO,165,566,873
PIURA,PAITA,VICHAYAL,220,1041,502
PIURA,SULLANA,SULLANA,13153,21104,7262
PIURA,SULLANA,BELLAVISTA,2928,6231,2196
PIURA,SULLANA,IGNACIO ESCUDERO,396,3481,1568
PIURA,SULLANA,LANCONES,281,1113,2984
PIURA,SULLANA,MARCAVELICA,1471,4015,2209
PIURA,SULLANA,MIGUEL CHECA,305,1756,570
PIURA,SULLANA,QUERECOTILLO,690,4044,1001
PIURA,SULLANA,SALITRAL,563,1138,219
PIURA,TALARA,PARIÑAS,10899,10696,2987
PIURA,TALARA,EL ALTO,622,1050,487
PIURA,TALARA,LA BREA,506,1041,324
PIURA,TALARA,LOBITOS,183,86,66
PIURA,TALARA,LOS ORGANOS,1134,1459,322
PIURA,TALARA,MANCORA,746,1990,422
PIURA,SECHURA,SECHURA,3476,7552,5518
PIURA,SECHURA,BELLAVISTA DE LA UNION,282,633,292
PIURA,SECHURA,BERNAL,173,1315,633
PIURA,SECHURA,CRISTO NOS VALGA,162,786,549
PIURA,SECHURA,VICE,673,2850,1299
PIURA,SECHURA,RINCONADA LLICUAR,70,507,349
PUNO,PUNO,PUNO,70424,126447,163277
PUNO,PUNO,ACORA,70424,126447,163277
PUNO,PUNO,AMANTANI,47,634,658
PUNO,PUNO,ATUNCOLLA,70424,126447,163277
PUNO,PUNO,CAPACHICA,175,1385,1192
PUNO,PUNO,CHUCUITO,227,820,1415
PUNO,PUNO,COATA,248,1005,1352
PUNO,PUNO,HUATA,106,405,812
PUNO,PUNO,MAÑAZO,293,783,735
PUNO,PUNO,PAUCARCOLLA,175,801,1041
PUNO,PUNO,PICHACANI,314,483,1661
PUNO,PUNO,PLATERIA,271,1049,1591
PUNO,PUNO,SAN ANTONIO,23,87,351
PUNO,PUNO,TIQUILLACA,77,244,469
PUNO,PUNO,VILQUE,261,378,645
PUNO,AZANGARO,AZANGARO,2124,3501,8773
PUNO,AZANGARO,ACHAYA,63,149,1304
PUNO,AZANGARO,ARAPA,203,664,2385
PUNO,AZANGARO,ASILLO,444,773,4788
PUNO,AZANGARO,CAMINACA,45,702,692
PUNO,AZANGARO,CHUPA,349,647,1972
PUNO,AZANGARO,JOSE DOMINGO CHOQUEHUANCA,101,408,931
PUNO,AZANGARO,MUÑANI,202,703,1687
PUNO,AZANGARO,POTONI,166,126,1642
PUNO,AZANGARO,SAMAN,123,1098,2348
PUNO,AZANGARO,SAN ANTON,201,1074,1348
PUNO,AZANGARO,SAN JOSE,155,801,855
PUNO,AZANGARO,SAN JUAN DE SALINAS,117,607,806
PUNO,AZANGARO,SANTIAGO DE PUPUJA,143,532,1330
PUNO,AZANGARO,TIRAPATA,98,346,642
PUNO,CARABAYA,MACUSANI,433,1593,2473
PUNO,CARABAYA,AJOYANI,140,332,271
PUNO,CARABAYA,AYAPATA,268,969,1016
PUNO,CARABAYA,COASA,298,1029,792
PUNO,CARABAYA,CORANI,73,624,886
PUNO,CARABAYA,CRUCERO,294,1250,1291
PUNO,CARABAYA,ITUATA,104,572,921
PUNO,CARABAYA,OLLACHEA,179,507,844
PUNO,CARABAYA,SAN GABAN,496,851,399
PUNO,CARABAYA,USICAYOS,156,642,948
PUNO,CHUCUITO,JULI,1161,3132,2904
PUNO,CHUCUITO,DESAGUADERO,631,1202,1419
PUNO,CHUCUITO,HUACULLANI,140,295,1832
PUNO,CHUCUITO,KELLUYO,170,566,1412
PUNO,CHUCUITO,PISACOMA,97,393,890
PUNO,CHUCUITO,POMATA,240,1520,2879
PUNO,CHUCUITO,ZEPITA,340,1357,3962
PUNO,EL COLLAO,ILAVE,2706,7950,7853
PUNO,EL COLLAO,CAPAZO,35,121,312
PUNO,EL COLLAO,PILCUYO,379,1388,2365
PUNO,EL COLLAO,SANTA ROSA,104,505,918
PUNO,EL COLLAO,CONDURIRI,100,348,870
PUNO,HUANCANE,HUANCANE,1029,3098,4351
PUNO,HUANCANE,COJATA,91,219,1118
PUNO,HUANCANE,HUATASANI,61,288,655
PUNO,HUANCANE,INCHUPALLA,32,246,875
PUNO,HUANCANE,PUSI,120,869,1051
PUNO,HUANCANE,ROSASPATA,87,169,1678
PUNO,HUANCANE,TARACO,341,2110,1828
PUNO,HUANCANE,VILQUE CHICO,165,1040,2091
PUNO,LAMPA,LAMPA,502,787,2342
PUNO,LAMPA,CABANILLA,295,674,874
PUNO,LAMPA,CALAPUJA,65,196,315
PUNO,LAMPA,NICASIO,84,146,1163
PUNO,LAMPA,OCUVIRI,73,205,464
PUNO,LAMPA,PALCA,106,118,655
PUNO,LAMPA,PARATIA,153,177,671
PUNO,LAMPA,PUCARA,151,279,1827
PUNO,LAMPA,SANTA LUCIA,339,807,921
PUNO,LAMPA,VILAVILA,41,108,336
PUNO,MELGAR,AYAVIRI,1999,3828,2892
PUNO,MELGAR,ANTAUTA,520,580,509
PUNO,MELGAR,CUPI,90,234,488
PUNO,MELGAR,LLALLI,80,321,578
PUNO,MELGAR,MACARI,251,799,1352
PUNO,MELGAR,NUÑOA,295,1077,1573
PUNO,MELGAR,ORURILLO,206,787,1961
PUNO,MELGAR,SANTA ROSA,161,552,1293
PUNO,MELGAR,UMACHIRI,127,360,622
PUNO,MOHO,MOHO,280,1206,3504
PUNO,MOHO,CONIMA,69,300,1063
PUNO,MOHO,HUAYRAPATA,27,93,803
PUNO,MOHO,TILALI,31,451,584
PUNO,SAN ANTONIO DE PUTINA,PUTINA,1113,2371,1509
PUNO,SAN ANTONIO DE PUTINA,ANANEA,366,255,890
PUNO,SAN ANTONIO DE PUTINA,PEDRO VILCA APAZA,46,199,667
PUNO,SAN ANTONIO DE PUTINA,QUILCAPUNCU,49,397,1171
PUNO,SAN ANTONIO DE PUTINA,SINA,52,73,385
PUNO,SAN ROMAN,JULIACA,24814,21779,8102
PUNO,SAN ROMAN,CABANA,399,695,821
PUNO,SAN ROMAN,CABANILLAS,375,690,550
PUNO,SAN ROMAN,CARACOTO,375,1710,792
PUNO,SAN ROMAN,SAN MIGUEL,3831,10594,4186
PUNO,SANDIA,SANDIA,477,1080,1847
PUNO,SANDIA,CUYOCUYO,136,518,1031
PUNO,SANDIA,LIMBANI,178,253,483
PUNO,SANDIA,PATAMBUCO,237,382,1226
PUNO,SANDIA,PHARA,365,560,609
PUNO,SANDIA,QUIACA,94,150,605
PUNO,SANDIA,SAN JUAN DEL ORO,79,647,865
PUNO,SANDIA,YANAHUAYA,96,257,432
PUNO,SANDIA,ALTO INAMBARI,284,1138,1195
PUNO,SANDIA,SAN PEDRO DE PUTINA PUNCO,225,434,1383
PUNO,YUNGUYO,YUNGUYO,1564,2883,2088
PUNO,YUNGUYO,ANAPIA,1,82,285
PUNO,YUNGUYO,COPANI,147,737,845
PUNO,YUNGUYO,CUTURAPI,42,143,217
PUNO,YUNGUYO,OLLARAYA,48,553,219
PUNO,YUNGUYO,TINICACHI,22,116,76
PUNO,YUNGUYO,UNICACHI,44,136,208
SAN MARTIN,MOYOBAMBA,MOYOBAMBA,44432,91136,127603
SAN MARTIN,MOYOBAMBA,CALZADA,44432,91136,127603
SAN MARTIN,MOYOBAMBA,HABANA,44432,91136,127603
SAN MARTIN,MOYOBAMBA,JEPELACIO,495,2863,2768
SAN MARTIN,MOYOBAMBA,SORITOR,1013,3063,3556
SAN MARTIN,MOYOBAMBA,YANTALO,137,607,532
SAN MARTIN,BELLAVISTA,BELLAVISTA,1525,2017,1853
SAN MARTIN,BELLAVISTA,ALTO BIAVO,154,1217,2579
SAN MARTIN,BELLAVISTA,BAJO BIAVO,156,1957,2703
SAN MARTIN,BELLAVISTA,HUALLAGA,32,331,565
SAN MARTIN,BELLAVISTA,SAN PABLO,180,1049,2194
SAN MARTIN,BELLAVISTA,SAN RAFAEL,484,812,318
SAN MARTIN,EL DORADO,SAN JOSE DE SISA,483,1341,3613
SAN MARTIN,EL DORADO,AGUA BLANCA,50,393,496
SAN MARTIN,EL DORADO,SAN MARTIN,172,970,2980
SAN MARTIN,EL DORADO,SANTA ROSA,125,1160,1726
SAN MARTIN,EL DORADO,SHATOJA,78,388,472
SAN MARTIN,HUALLAGA,SAPOSOA,786,1392,3180
SAN MARTIN,HUALLAGA,ALTO SAPOSOA,41,759,638
SAN MARTIN,HUALLAGA,EL ESLABON,83,408,460
SAN MARTIN,HUALLAGA,PISCOYACU,120,488,753
SAN MARTIN,HUALLAGA,SACANCHE,117,379,308
SAN MARTIN,HUALLAGA,TINGO DE SAPOSOA,22,195,58
SAN MARTIN,LAMAS,LAMAS,411,186,4333
SAN MARTIN,LAMAS,ALONSO DE ALVARADO,146,2131,2878
SAN MARTIN,LAMAS,BARRANQUITA,113,816,1321
SAN MARTIN,LAMAS,CAYNARACHI,175,618,1996
SAN MARTIN,LAMAS,CUÑUMBUQUI,72,745,1052
SAN MARTIN,LAMAS,PINTO RECODO,142,1143,1842
SAN MARTIN,LAMAS,RUMISAPA,121,135,1064
SAN MARTIN,LAMAS,SAN ROQUE DE CUMBAZA,26,224,387
SAN MARTIN,LAMAS,SHANAO,50,191,617
SAN MARTIN,LAMAS,TABALOSOS,484,1874,2671
SAN MARTIN,LAMAS,ZAPATERO,74,397,1873
SAN MARTIN,MARISCAL CACERES,JUANJUI,1828,2256,5001
SAN MARTIN,MARISCAL CACERES,CAMPANILLA,340,1826,1613
SAN MARTIN,MARISCAL CACERES,HUICUNGO,217,1586,1606
SAN MARTIN,MARISCAL CACERES,PACHIZA,73,1068,1257
SAN MARTIN,MARISCAL CACERES,PAJARILLO,161,957,1069
SAN MARTIN,PICOTA,PICOTA,469,1146,1134
SAN MARTIN,PICOTA,BUENOS AIRES,51,544,622
SAN MARTIN,PICOTA,CASPISAPA,102,439,175
SAN MARTIN,PICOTA,PILLUANA,19,268,64
SAN MARTIN,PICOTA,PUCACACA,221,748,272
SAN MARTIN,PICOTA,SAN CRISTOBAL,42,177,123
SAN MARTIN,PICOTA,SAN HILARION,130,336,778
SAN MARTIN,PICOTA,SHAMBOYACU,74,507,2833
SAN MARTIN,PICOTA,TINGO DE PONASA,26,167,1528
SAN MARTIN,PICOTA,TRES UNIDOS,83,1089,455
SAN MARTIN,RIOJA,RIOJA,3537,2544,2256
SAN MARTIN,RIOJA,AWAJUN,234,718,2549
SAN MARTIN,RIOJA,ELIAS SOPLIN VARGAS,995,2397,2366
SAN MARTIN,RIOJA,NUEVA CAJAMARCA,5667,6214,6224
SAN MARTIN,RIOJA,PARDO MIGUEL,347,2755,2784
SAN MARTIN,RIOJA,POSIC,158,384,205
SAN MARTIN,RIOJA,SAN FERNANDO,193,459,436
SAN MARTIN,RIOJA,YORONGOS,58,730,256
SAN MARTIN,RIOJA,YURACYACU,163,492,567
SAN MARTIN,SAN MARTIN,TARAPOTO,3098,4299,3652
SAN MARTIN,SAN MARTIN,ALBERTO LEVEAU,23,193,100
SAN MARTIN,SAN MARTIN,CACATACHI,250,440,424
SAN MARTIN,SAN MARTIN,CHAZUTA,103,155,2518
SAN MARTIN,SAN MARTIN,CHIPURANA,21,578,304
SAN MARTIN,SAN MARTIN,EL PORVENIR,38,591,373
SAN MARTIN,SAN MARTIN,HUIMBAYOC,31,786,501
SAN MARTIN,SAN MARTIN,JUAN GUERRA,456,405,234
SAN MARTIN,SAN MARTIN,LA BANDA DE SHILCAYO,6655,3744,3653
SAN MARTIN,SAN MARTIN,MORALES,1641,2091,3036
SAN MARTIN,SAN MARTIN,PAPAPLAYA,46,463,426
SAN MARTIN,SAN MARTIN,SAN ANTONIO,160,323,208
SAN MARTIN,SAN MARTIN,SAUCE,181,1022,1334
SAN MARTIN,SAN MARTIN,SHAPAJA,25,364,84
SAN MARTIN,TOCACHE,TOCACHE,2012,3714,5377
SAN MARTIN,TOCACHE,NUEVO PROGRESO,281,900,2794
SAN MARTIN,TOCACHE,POLVORA,526,1989,1730
SAN MARTIN,TOCACHE,SHUNTE,27,395,445
SAN MARTIN,TOCACHE,UCHIZA,476,1670,3283
SAN MARTIN,TOCACHE,SANTA LUCIA,72,347,693
TACNA,TACNA,TACNA,10459,13097,540
TACNA,TACNA,ALTO DE LA ALIANZA,4349,6625,443
TACNA,TACNA,CALANA,455,454,186
TACNA,TACNA,CIUDAD NUEVA,2833,8327,724
TACNA,TACNA,INCLAN,322,361,67
TACNA,TACNA,PACHIA,331,240,35
TACNA,TACNA,PALCA,49,261,256
TACNA,TACNA,POCOLLAY,2104,4120,398
TACNA,TACNA,SAMA,411,328,116
TACNA,TACNA,CORONEL GREGORIO ALBARRACIN LANCHIPA,10764,24840,1561
TACNA,TACNA,La Yarada los Palos,424,1605,716
TACNA,CANDARAVE,CANDARAVE,85,616,272
TACNA,CANDARAVE,CAIRANI,28,135,126
TACNA,CANDARAVE,CAMILACA,42,196,137
TACNA,CANDARAVE,CURIBAYA,34,55,31
TACNA,CANDARAVE,HUANUARA,23,95,54
TACNA,CANDARAVE,QUILAHUANI,28,193,208
TACNA,JORGE BASADRE,LOCUMBA,204,293,100
TACNA,JORGE BASADRE,ILABAYA,449,779,279
TACNA,JORGE BASADRE,ITE,320,233,70
TACNA,TARATA,TARATA,90,651,296
TACNA,TARATA,HEROES ALBARRACIN (CHUCATAMANI),49,111,63
TACNA,TARATA,ESTIQUE,13,66,19
TACNA,TARATA,ESTIQUE-PAMPA,21,62,16
TACNA,TARATA,SITAJARA,30,85,36
TACNA,TARATA,SUSAPAYA,23,165,87
TACNA,TARATA,TARUCACHI,10,86,68
TACNA,TARATA,TICACO,31,156,142
TUMBES,TUMBES,TUMBES,8606,11304,4430
TUMBES,TUMBES,CORRALES,991,2810,1616
TUMBES,TUMBES,LA CRUZ,309,1971,769
TUMBES,TUMBES,PAMPAS DE HOSPITAL,500,964,793
TUMBES,TUMBES,SAN JACINTO,358,823,1562
TUMBES,TUMBES,SAN JUAN DE LA VIRGEN,281,446,658
TUMBES,CONTRALMIRANTE VILLAR,ZORRITOS,435,1169,705
TUMBES,CONTRALMIRANTE VILLAR,CASITAS,158,405,266
TUMBES,CONTRALMIRANTE VILLAR,CANOAS DE PUNTA SAL,433,1107,559
TUMBES,ZARUMILLA,ZARUMILLA,1215,3107,2874
TUMBES,ZARUMILLA,AGUAS VERDES,918,2303,4795
TUMBES,ZARUMILLA,MATAPALO,164,747,479
TUMBES,ZARUMILLA,PAPAYAL,357,964,812
UCAYALI,CORONEL PORTILLO,CALLERIA,28667,36860,83201
UCAYALI,CORONEL PORTILLO,CAMPOVERDE,1764,1729,1655
UCAYALI,CORONEL PORTILLO,IPARIA,149,119,5160
UCAYALI,CORONEL PORTILLO,MASISEA,199,226,2688
UCAYALI,CORONEL PORTILLO,YARINACOCHA,3945,6729,14425
UCAYALI,CORONEL PORTILLO,NUEVA REQUENA,313,909,1429
UCAYALI,CORONEL PORTILLO,MANANTAY,7395,8894,10181
UCAYALI,ATALAYA,RAYMONDI,999,1037,11903
UCAYALI,ATALAYA,SEPAHUA,272,351,2911
UCAYALI,ATALAYA,TAHUANIA,157,198,3093
UCAYALI,ATALAYA,YURUA,41,1,709
UCAYALI,PADRE ABAD,PADRE ABAD,2441,1977,2721
UCAYALI,PADRE ABAD,IRAZOLA,784,969,2239
UCAYALI,PADRE ABAD,CURIMANA,134,1187,2479
UCAYALI,PADRE ABAD,NESHUYA,265,1154,856
UCAYALI,PADRE ABAD,ALEXANDER VON HUMBOLDT,151,547,1859
UCAYALI,PADRE ABAD,HUIPOCA,47,182,688
UCAYALI,PADRE ABAD,BOQUERON,54,246,113
UCAYALI,PURUS,PURUS,93,1016,248
