CÃ³digo,Departamento,Provincia,Distrito,No Pobre,Pobre,Pobre extremo
20101,ANCASH,HUARAZ,HUARAZ,76573,143161,86994
20102,ANCASH,HUARAZ,COCHABAMBA,7,196,460
20103,ANCASH,HUARAZ,COLCABAMBA,21,87,73
20104,ANCASH,HUARAZ,HUANCHAY,15,320,435
20105,ANCASH,HUARAZ,INDEPENDENCIA,8186,5228,3156
20106,ANCASH,HUARAZ,JANGAS,397,679,423
20107,ANCASH,HUARAZ,LA LIBERTAD,39,358,106
20108,ANCASH,HUARAZ,OLLEROS,69,449,329
,ANCASH,HUARAZ,PAMPAS,16,227,209
20110,ANCASH,HUARAZ,PARIACOTO,178,323,965
20111,ANCASH,HUARAZ,PIRA,117,639,588
20112,ANCASH,HUARAZ,TARICA,381,986,542
20201,ANCASH,AIJA,AIJA,164,209,172
20202,ANCASH,AIJA,CORIS,19,308,215
20203,ANCASH,AIJA,HUACLLAN,11,77,51
20204,ANCASH,AIJA,LA MERCED,74,245,411
20205,ANCASH,AIJA,SUCCHA,5,114,114
20301,ANCASH,ANTONIO RAYMONDI,LLAMELLIN,74,600,256
20302,ANCASH,ANTONIO RAYMONDI,ACZO,31,393,117
20303,ANCASH,ANTONIO RAYMONDI,CHACCHO,26,128,296
20304,ANCASH,ANTONIO RAYMONDI,CHINGAS,57,394,142
20305,ANCASH,ANTONIO RAYMONDI,MIRGAS,27,237,966
20306,ANCASH,ANTONIO RAYMONDI,SAN JUAN DE RONTOY,22,294,94
20401,ANCASH,ASUNCION,CHACAS,160,523,702
20402,ANCASH,ASUNCION,ACOCHACA,53,472,518
20501,ANCASH,BOLOGNESI,CHIQUIAN,259,614,278
20502,ANCASH,BOLOGNESI,ABELARDO PARDO LEZAMETA,22,38,14
20503,ANCASH,BOLOGNESI,ANTONIO RAYMONDI,31,179,177
20504,ANCASH,BOLOGNESI,AQUIA,87,266,275
20505,ANCASH,BOLOGNESI,CAJACAY,95,295,106
20506,ANCASH,BOLOGNESI,CANIS,21,67,5
20507,ANCASH,BOLOGNESI,COLQUIOC,113,147,294
20508,ANCASH,BOLOGNESI,HUALLANCA,321,735,710
20509,ANCASH,BOLOGNESI,HUASTA,26,305,234
20510,ANCASH,BOLOGNESI,HUAYLLACAYAN,12,169,190
20511,ANCASH,BOLOGNESI,LA PRIMAVERA,22,72,21
20512,ANCASH,BOLOGNESI,MANGAS,2,98,82
20513,ANCASH,BOLOGNESI,PACLLON,16,221,101
20514,ANCASH,BOLOGNESI,SAN MIGUEL DE CORPANQUI,20,70,39
20515,ANCASH,BOLOGNESI,TICLLOS,22,128,26
20601,ANCASH,CARHUAZ,CARHUAZ,859,1764,1332
20602,ANCASH,CARHUAZ,ACOPAMPA,161,500,165
20603,ANCASH,CARHUAZ,AMASHCA,35,176,240
20604,ANCASH,CARHUAZ,ANTA,77,328,444
20605,ANCASH,CARHUAZ,ATAQUERO,46,269,168
20606,ANCASH,CARHUAZ,MARCARA,432,1849,1035
20607,ANCASH,CARHUAZ,PARIAHUANCA,84,232,163
20608,ANCASH,CARHUAZ,SAN MIGUEL DE ACO,42,344,677
20609,ANCASH,CARHUAZ,SHILLA,117,670,256
20610,ANCASH,CARHUAZ,TINCO,259,542,268
20611,ANCASH,CARHUAZ,YUNGAR,143,607,249
20701,ANCASH,CARLOS FERMIN FITZCARRALD,SAN LUIS,188,1736,1334
20702,ANCASH,CARLOS FERMIN FITZCARRALD,SAN NICOLAS,24,356,548
20703,ANCASH,CARLOS FERMIN FITZCARRALD,YAUYA,43,45,1317
20801,ANCASH,CASMA,CASMA,2303,6779,2289
20802,ANCASH,CASMA,BUENA VISTA ALTA,109,583,1040
20803,ANCASH,CASMA,COMANDANTE NOEL,253,257,239
20804,ANCASH,CASMA,YAUTAN,336,1220,1481
20901,ANCASH,CORONGO,CORONGO,31,250,139
20902,ANCASH,CORONGO,ACO,9,60,60
20903,ANCASH,CORONGO,BAMBAS,4,104,30
20904,ANCASH,CORONGO,CUSCA,56,596,332
20905,ANCASH,CORONGO,LA PAMPA,13,145,193
20906,ANCASH,CORONGO,YANAC,21,145,93
20907,ANCASH,CORONGO,YUPAN,12,102,15
21001,ANCASH,HUARI,HUARI,339,1317,1297
21002,ANCASH,HUARI,ANRA,32,333,145
21003,ANCASH,HUARI,CAJAY,78,576,351
21004,ANCASH,HUARI,CHAVIN DE HUANTAR,238,843,2011
21005,ANCASH,HUARI,HUACACHI,44,406,278
21006,ANCASH,HUARI,HUACCHIS,26,146,345
21007,ANCASH,HUARI,HUACHIS,159,831,337
21008,ANCASH,HUARI,HUANTAR,81,492,381
21009,ANCASH,HUARI,MASIN,81,209,254
21010,ANCASH,HUARI,PAUCAS,31,503,205
21011,ANCASH,HUARI,PONTO,79,464,391
21012,ANCASH,HUARI,RAHUAPAMPA,46,130,94
21013,ANCASH,HUARI,RAPAYAN,21,284,268
21014,ANCASH,HUARI,SAN MARCOS,446,2149,1967
21015,ANCASH,HUARI,SAN PEDRO DE CHANA,73,470,398
21016,ANCASH,HUARI,UCO,38,300,170
21101,ANCASH,HUARMEY,HUARMEY,2731,5890,1321
21102,ANCASH,HUARMEY,COCHAPETI,8,185,137
21103,ANCASH,HUARMEY,CULEBRAS,246,192,238
21104,ANCASH,HUARMEY,HUAYAN,60,146,97
21105,ANCASH,HUARMEY,MALVAS,9,78,226
21201,ANCASH,HUAYLAS,CARAZ,2289,2829,2229
21202,ANCASH,HUAYLAS,HUALLANCA,40,145,246
21203,ANCASH,HUAYLAS,HUATA,25,296,175
21204,ANCASH,HUAYLAS,HUAYLAS,36,195,290
21205,ANCASH,HUAYLAS,MATO,50,329,300
21206,ANCASH,HUAYLAS,PAMPAROMAS,65,809,1904
21207,ANCASH,HUAYLAS,PUEBLO LIBRE,270,997,1026
21208,ANCASH,HUAYLAS,SANTA CRUZ,152,751,864
21209,ANCASH,HUAYLAS,SANTO TORIBIO,25,233,142
21210,ANCASH,HUAYLAS,YURACMARCA,67,351,630
21301,ANCASH,MARISCAL LUZURIAGA,PISCOBAMBA,182,69,832
21302,ANCASH,MARISCAL LUZURIAGA,CASCA,60,658,878
21303,ANCASH,MARISCAL LUZURIAGA,ELEAZAR GUZMAN BARRON,14,178,289
21304,ANCASH,MARISCAL LUZURIAGA,FIDEL OLIVAS ESCUDERO,13,257,405
21305,ANCASH,MARISCAL LUZURIAGA,LLAMA,25,128,287
21306,ANCASH,MARISCAL LUZURIAGA,LLUMPA,68,1149,857
21307,ANCASH,MARISCAL LUZURIAGA,LUCMA,94,322,721
21308,ANCASH,MARISCAL LUZURIAGA,MUSGA,34,50,293
21401,ANCASH,OCROS,OCROS,46,230,104
21402,ANCASH,OCROS,ACAS,4,29,108
21403,ANCASH,OCROS,CAJAMARQUILLA,5,31,12
21404,ANCASH,OCROS,CARHUAPAMPA,15,90,89
21405,ANCASH,OCROS,COCHAS,26,101,466
21406,ANCASH,OCROS,CONGAS,3,13,211
21407,ANCASH,OCROS,LLIPA,13,34,33
21408,ANCASH,OCROS,SAN CRISTOBAL DE RAJAN,3,41,77
21409,ANCASH,OCROS,SAN PEDRO,42,84,99
21410,ANCASH,OCROS,SANTIAGO DE CHILCAS,7,92,109
21501,ANCASH,PALLASCA,CABANA,112,482,72
21502,ANCASH,PALLASCA,BOLOGNESI,32,169,143
21503,ANCASH,PALLASCA,CONCHUCOS,96,1783,716
21504,ANCASH,PALLASCA,HUACASCHUQUE,22,103,57
21505,ANCASH,PALLASCA,HUANDOVAL,65,217,50
21506,ANCASH,PALLASCA,LACABAMBA,9,103,86
21507,ANCASH,PALLASCA,LLAPO,21,153,5
21508,ANCASH,PALLASCA,PALLASCA,83,549,174
21509,ANCASH,PALLASCA,PAMPAS,168,712,397
21510,ANCASH,PALLASCA,SANTA ROSA,60,122,31
21511,ANCASH,PALLASCA,TAUCA,76,602,176
21601,ANCASH,POMABAMBA,POMABAMBA,553,1369,2490
21602,ANCASH,POMABAMBA,HUAYLLAN,67,476,645
21603,ANCASH,POMABAMBA,PAROBAMBA,93,313,1811
21604,ANCASH,POMABAMBA,QUINUABAMBA,33,187,785
21701,ANCASH,RECUAY,RECUAY,292,911,606
21702,ANCASH,RECUAY,CATAC,371,840,245
21703,ANCASH,RECUAY,COTAPARACO,42,96,21
21704,ANCASH,RECUAY,HUAYLLAPAMPA,13,125,149
21705,ANCASH,RECUAY,LLACLLIN,34,133,184
21706,ANCASH,RECUAY,MARCA,25,136,188
21707,ANCASH,RECUAY,PAMPAS CHICO,10,193,89
21708,ANCASH,RECUAY,PARARIN,33,125,177
21709,ANCASH,RECUAY,TAPACOCHA,6,88,64
21710,ANCASH,RECUAY,TICAPAMPA,143,389,272
21801,ANCASH,SANTA,CHIMBOTE,15457,21060,3458
21802,ANCASH,SANTA,CACERES DEL PERU,182,407,895
21803,ANCASH,SANTA,COISHCO,2854,3013,85
21804,ANCASH,SANTA,MACATE,115,739,212
21805,ANCASH,SANTA,MORO,201,862,919
21806,ANCASH,SANTA,NEPENA,1095,926,383
21807,ANCASH,SANTA,SAMANCO,285,612,104
21808,ANCASH,SANTA,SANTA,2233,2661,590
21809,ANCASH,SANTA,NUEVO CHIMBOTE,18173,24262,2022
21901,ANCASH,SIHUAS,SIHUAS,89,725,253
21902,ANCASH,SIHUAS,ACOBAMBA,14,469,172
21903,ANCASH,SIHUAS,ALFONSO UGARTE,18,79,62
21904,ANCASH,SIHUAS,CASHAPAMPA,33,248,488
21905,ANCASH,SIHUAS,CHINGALPO,20,190,99
21906,ANCASH,SIHUAS,HUAYLLABAMBA,36,737,440
21907,ANCASH,SIHUAS,QUICHES,30,559,190
21908,ANCASH,SIHUAS,RAGASH,21,313,443
21909,ANCASH,SIHUAS,SAN JUAN,136,582,1932
21910,ANCASH,SIHUAS,SICSIBAMBA,3,193,167
22001,ANCASH,YUNGAY,YUNGAY,854,2346,2804
22002,ANCASH,YUNGAY,CASCAPARA,22,321,253
22003,ANCASH,YUNGAY,MANCOS,871,823,821
22004,ANCASH,YUNGAY,MATACOTO,96,245,99
22005,ANCASH,YUNGAY,QUILLO,119,638,2994
22006,ANCASH,YUNGAY,RANRAHIRCA,178,457,261
22007,ANCASH,YUNGAY,SHUPLUY,57,365,242
22008,ANCASH,YUNGAY,YANAMA,108,962,758
30101,APURIMAC,ABANCAY,ABANCAY,20643,52167,67818
30102,APURIMAC,ABANCAY,CHACOCHE,20643,52167,67818
30103,APURIMAC,ABANCAY,CIRCA,99,350,419
30104,APURIMAC,ABANCAY,CURAHUASI,1257,2387,1787
30105,APURIMAC,ABANCAY,HUANIPACA,68,489,881
30106,APURIMAC,ABANCAY,LAMBRAMA,64,174,1100
30107,APURIMAC,ABANCAY,PICHIRHUA,111,203,935
30108,APURIMAC,ABANCAY,SAN PEDRO DE CACHORA,57,175,807
30109,APURIMAC,ABANCAY,TAMBURCO,805,1291,733
30201,APURIMAC,ANDAHUAYLAS,ANDAHUAYLAS,2561,4850,3117
30202,APURIMAC,ANDAHUAYLAS,ANDARAPA,92,722,1830
30203,APURIMAC,ANDAHUAYLAS,CHIARA,13,162,349
30204,APURIMAC,ANDAHUAYLAS,HUANCARAMA,101,1078,550
30205,APURIMAC,ANDAHUAYLAS,HUANCARAY,84,343,1193
30206,APURIMAC,ANDAHUAYLAS,HUAYANA,12,126,202
30207,APURIMAC,ANDAHUAYLAS,KISHUARA,155,1588,558
30208,APURIMAC,ANDAHUAYLAS,PACOBAMBA,80,410,958
30209,APURIMAC,ANDAHUAYLAS,PACUCHA,237,947,2290
30210,APURIMAC,ANDAHUAYLAS,PAMPACHIRI,71,400,429
30211,APURIMAC,ANDAHUAYLAS,POMACOCHA,19,119,278
30212,APURIMAC,ANDAHUAYLAS,SAN ANTONIO DE CACHI,32,247,833
30213,APURIMAC,ANDAHUAYLAS,SAN JERONIMO,951,2540,1753
30214,APURIMAC,ANDAHUAYLAS,SAN MIGUEL DE CHACCRAMPA,34,255,488
30215,APURIMAC,ANDAHUAYLAS,SANTA MARIA DE CHICMO,148,1299,1883
30216,APURIMAC,ANDAHUAYLAS,TALAVERA,1221,2580,2327
30217,APURIMAC,ANDAHUAYLAS,TUMAY HUARACA,19,200,493
30218,APURIMAC,ANDAHUAYLAS,TURPO,66,453,1148
30219,APURIMAC,ANDAHUAYLAS,KAQUIABAMBA,38,517,260
30220,APURIMAC,ANDAHUAYLAS,JOSE MARIA ARGUEDAS,91,677,660
30301,APURIMAC,ANTABAMBA,ANTABAMBA,81,346,803
30302,APURIMAC,ANTABAMBA,EL ORO,18,34,188
30303,APURIMAC,ANTABAMBA,HUAQUIRCA,25,293,342
30304,APURIMAC,ANTABAMBA,JUAN ESPINOZA MEDRANO,19,449,302
30305,APURIMAC,ANTABAMBA,OROPESA,60,150,674
30306,APURIMAC,ANTABAMBA,PACHACONAS,39,234,112
30307,APURIMAC,ANTABAMBA,SABAINO,25,84,509
30401,APURIMAC,AYMARAES,CHALHUANCA,227,700,343
30402,APURIMAC,AYMARAES,CAPAYA,43,134,94
30403,APURIMAC,AYMARAES,CARAYBAMBA,18,128,296
30404,APURIMAC,AYMARAES,CHAPIMARCA,49,227,536
30405,APURIMAC,AYMARAES,COLCABAMBA,47,85,214
30406,APURIMAC,AYMARAES,COTARUSE,319,354,334
,APURIMAC,AYMARAES,HUAYLLO,33,99,160
30408,APURIMAC,AYMARAES,JUSTO APU SAHUARAURA,27,59,299
30409,APURIMAC,AYMARAES,LUCRE,56,272,408
30410,APURIMAC,AYMARAES,POCOHUANCA,50,139,279
30411,APURIMAC,AYMARAES,SAN JUAN DE CHACNA,34,73,177
30412,APURIMAC,AYMARAES,SANAYCA,26,181,281
30413,APURIMAC,AYMARAES,SORAYA,24,67,285
30414,APURIMAC,AYMARAES,TAPAIRIHUA,60,293,420
30415,APURIMAC,AYMARAES,TINTAY,60,453,617
30416,APURIMAC,AYMARAES,TORAYA,48,83,504
30417,APURIMAC,AYMARAES,YANACA,34,179,297
30501,APURIMAC,COTABAMBAS,TAMBOBAMBA,449,1799,2066
30502,APURIMAC,COTABAMBAS,COTABAMBAS,94,295,1330
30503,APURIMAC,COTABAMBAS,COYLLURQUI,179,743,2256
30504,APURIMAC,COTABAMBAS,HAQUIRA,313,1487,1784
30505,APURIMAC,COTABAMBAS,MARA,158,808,1784
30506,APURIMAC,COTABAMBAS,CHALLHUAHUACHO,1151,881,2011
30601,APURIMAC,CHINCHEROS,CHINCHEROS,243,893,711
30602,APURIMAC,CHINCHEROS,ANCO_HUALLO,463,2039,1569
30603,APURIMAC,CHINCHEROS,COCHARCAS,36,81,765
30604,APURIMAC,CHINCHEROS,HUACCANA,103,649,1692
30605,APURIMAC,CHINCHEROS,OCOBAMBA,184,866,1824
30606,APURIMAC,CHINCHEROS,ONGOY,112,276,946
30607,APURIMAC,CHINCHEROS,URANMARCA,60,696,382
30608,APURIMAC,CHINCHEROS,RANRACANCHA,57,920,519
30609,APURIMAC,CHINCHEROS,ROCCHACC,38,395,839
30610,APURIMAC,CHINCHEROS,EL PORVENIR,25,334,458
30611,APURIMAC,CHINCHEROS,LOS CHANKAS,22,203,296
,APURIMAC,CHINCHEROS,AHUAYRO,20,165,296
30701,APURIMAC,GRAU,CHUQUIBAMBILLA,186,737,782
30702,APURIMAC,GRAU,CURPAHUASI,45,340,497
30703,APURIMAC,GRAU,GAMARRA,58,99,1136
30704,APURIMAC,GRAU,HUAYLLATI,33,208,263
30705,APURIMAC,GRAU,MAMARA,16,62,244
30706,APURIMAC,GRAU,MICAELA BASTIDAS,43,85,346
30707,APURIMAC,GRAU,PATAYPAMPA,14,39,356
30708,APURIMAC,GRAU,PROGRESO,108,446,780
30709,APURIMAC,GRAU,SAN ANTONIO,17,35,157
30710,APURIMAC,GRAU,SANTA ROSA,16,14,305
30711,APURIMAC,GRAU,TURPAY,9,58,151
30712,APURIMAC,GRAU,VILCABAMBA,55,227,237
30713,APURIMAC,GRAU,VIRUNDO,10,46,296
30714,APURIMAC,GRAU,CURASCO,22,89,383
40102,AREQUIPA,AREQUIPA,ALTO SELVA ALEGRE,18915,3842,411
40103,AREQUIPA,AREQUIPA,CAYMA,19416,5744,879
40104,AREQUIPA,AREQUIPA,CERRO COLORADO,35658,21671,2547
40105,AREQUIPA,AREQUIPA,CHARACATO,3516,631,66
40106,AREQUIPA,AREQUIPA,CHIGUATA,695,200,259
40107,AREQUIPA,AREQUIPA,JACOBO HUNTER,13331,2447,264
40108,AREQUIPA,AREQUIPA,LA JOYA,1422,2930,1083
40109,AREQUIPA,AREQUIPA,MARIANO MELGAR,13335,4758,323
40110,AREQUIPA,AREQUIPA,MIRAFLORES,11812,1756,184
40111,AREQUIPA,AREQUIPA,MOLLEBAYA,1199,524,179
40112,AREQUIPA,AREQUIPA,PAUCARPATA,28986,6301,995
40113,AREQUIPA,AREQUIPA,POCSI,47,39,24
40114,AREQUIPA,AREQUIPA,POLOBAYA,138,83,32
40115,AREQUIPA,AREQUIPA,QUEQUENA,144,347,132
40116,AREQUIPA,AREQUIPA,SABANDIA,1256,214,63
40117,AREQUIPA,AREQUIPA,SACHACA,3591,895,228
40118,AREQUIPA,AREQUIPA,SAN JUAN DE SIGUAS,90,118,59
40119,AREQUIPA,AREQUIPA,SAN JUAN DE TARUCANI,136,196,311
40120,AREQUIPA,AREQUIPA,SANTA ISABEL DE SIGUAS,71,118,72
40121,AREQUIPA,AREQUIPA,SANTA RITA DE SIGUAS,312,982,264
40122,AREQUIPA,AREQUIPA,SOCABAYA,14221,3399,642
40123,AREQUIPA,AREQUIPA,TIABAYA,3433,859,197
40124,AREQUIPA,AREQUIPA,UCHUMAYO,1144,586,68
40125,AREQUIPA,AREQUIPA,VITOR,290,286,83
40126,AREQUIPA,AREQUIPA,YANAHUARA,435,63,23
40127,AREQUIPA,AREQUIPA,YARABAMBA,263,136,94
40128,AREQUIPA,AREQUIPA,YURA,6925,4524,536
40129,AREQUIPA,AREQUIPA,JOSE LUIS BUSTAMANTE Y RIVERO,7371,1108,207
40201,AREQUIPA,CAMANA,CAMANA,842,1064,210
40202,AREQUIPA,CAMANA,JOSE MARIA QUIMPER,131,399,178
40203,AREQUIPA,CAMANA,MARIANO NICOLAS VALCARCEL,401,569,170
40204,AREQUIPA,CAMANA,MARISCAL CACERES,543,522,365
40205,AREQUIPA,CAMANA,NICOLAS DE PIEROLA,332,648,192
40206,AREQUIPA,CAMANA,OCONA,701,238,188
40207,AREQUIPA,CAMANA,QUILCA,81,72,14
40208,AREQUIPA,CAMANA,SAMUEL PASTOR,1630,1347,758
40301,AREQUIPA,CARAVELI,CARAVELI,198,618,189
40302,AREQUIPA,CARAVELI,ACARI,373,535,82
40303,AREQUIPA,CARAVELI,ATICO,107,517,128
40304,AREQUIPA,CARAVELI,ATIQUIPA,94,50,33
40305,AREQUIPA,CARAVELI,BELLA UNION,184,435,148
40306,AREQUIPA,CARAVELI,CAHUACHO,47,164,66
40307,AREQUIPA,CARAVELI,CHALA,388,1049,184
40308,AREQUIPA,CARAVELI,CHAPARRA,359,88,58
40309,AREQUIPA,CARAVELI,HUANUHUANU,297,336,101
40310,AREQUIPA,CARAVELI,JAQUI,208,172,42
40311,AREQUIPA,CARAVELI,LOMAS,199,37,44
40312,AREQUIPA,CARAVELI,QUICACHA,169,174,68
40313,AREQUIPA,CARAVELI,YAUCA,315,237,102
40401,AREQUIPA,CASTILLA,APLAO,1124,1397,371
40402,AREQUIPA,CASTILLA,ANDAGUA,28,157,207
40403,AREQUIPA,CASTILLA,AYO,19,54,43
40404,AREQUIPA,CASTILLA,CHACHAS,54,195,285
40405,AREQUIPA,CASTILLA,CHILCAYMARCA,31,32,164
40406,AREQUIPA,CASTILLA,CHOCO,10,52,227
40407,AREQUIPA,CASTILLA,HUANCARQUI,236,144,34
40408,AREQUIPA,CASTILLA,MACHAGUAY,45,83,124
40409,AREQUIPA,CASTILLA,ORCOPAMPA,233,568,262
40410,AREQUIPA,CASTILLA,PAMPACOLCA,207,184,99
40411,AREQUIPA,CASTILLA,TIPAN,45,57,78
40412,AREQUIPA,CASTILLA,UNON,14,26,23
40413,AREQUIPA,CASTILLA,URACA,405,562,280
40414,AREQUIPA,CASTILLA,VIRACO,35,169,200
40501,AREQUIPA,CAYLLOMA,CHIVAY,800,1025,330
40502,AREQUIPA,CAYLLOMA,ACHOMA,92,135,110
40503,AREQUIPA,CAYLLOMA,CABANACONDE,69,320,115
40504,AREQUIPA,CAYLLOMA,CALLALLI,139,169,354
40505,AREQUIPA,CAYLLOMA,CAYLLOMA,138,346,392
40506,AREQUIPA,CAYLLOMA,COPORAQUE,91,172,108
40507,AREQUIPA,CAYLLOMA,HUAMBO,66,120,126
40508,AREQUIPA,CAYLLOMA,HUANCA,37,172,222
40509,AREQUIPA,CAYLLOMA,ICHUPAMPA,56,78,125
40510,AREQUIPA,CAYLLOMA,LARI,35,203,181
40511,AREQUIPA,CAYLLOMA,LLUTA,33,121,178
40512,AREQUIPA,CAYLLOMA,MACA,59,115,129
40513,AREQUIPA,CAYLLOMA,MADRIGAL,83,144,48
40514,AREQUIPA,CAYLLOMA,SAN ANTONIO DE CHUCA,91,72,236
40515,AREQUIPA,CAYLLOMA,SIBAYO,38,50,155
40516,AREQUIPA,CAYLLOMA,TAPAY,45,84,96
40517,AREQUIPA,CAYLLOMA,TISCO,58,54,468
40518,AREQUIPA,CAYLLOMA,TUTI,47,75,121
40519,AREQUIPA,CAYLLOMA,YANQUE,136,233,328
40520,AREQUIPA,CAYLLOMA,MAJES,6138,14184,2344
40601,AREQUIPA,CONDESUYOS,CHUQUIBAMBA,143,562,340
40602,AREQUIPA,CONDESUYOS,ANDARAY,33,58,121
40603,AREQUIPA,CONDESUYOS,CAYARANI,54,164,709
40604,AREQUIPA,CONDESUYOS,CHICHAS,28,38,186
40605,AREQUIPA,CONDESUYOS,IRAY,29,95,108
40606,AREQUIPA,CONDESUYOS,RIO GRANDE,388,287,100
40607,AREQUIPA,CONDESUYOS,SALAMANCA,29,84,119
40608,AREQUIPA,CONDESUYOS,YANAQUIHUA,226,444,372
40701,AREQUIPA,ISLAY,MOLLENDO,2021,2843,440
40702,AREQUIPA,ISLAY,COCACHACRA,1043,1797,329
40703,AREQUIPA,ISLAY,DEAN VALDIVIA,586,722,150
40704,AREQUIPA,ISLAY,ISLAY,356,876,175
40705,AREQUIPA,ISLAY,MEJIA,225,57,38
40706,AREQUIPA,ISLAY,PUNTA DE BOMBON,919,1628,378
40801,AREQUIPA,LA UNION,COTAHUASI,118,405,248
40802,AREQUIPA,LA UNION,ALCA,23,365,255
40803,AREQUIPA,LA UNION,CHARCANA,25,131,98
40804,AREQUIPA,LA UNION,HUAYNACOTAS,28,302,214
40805,AREQUIPA,LA UNION,PAMPAMARCA,25,143,238
40806,AREQUIPA,LA UNION,PUYCA,33,237,478
40807,AREQUIPA,LA UNION,QUECHUALLA,16,65,87
40808,AREQUIPA,LA UNION,SAYLA,8,47,74
40809,AREQUIPA,LA UNION,TAURIA,16,60,49
40810,AREQUIPA,LA UNION,TOMEPAMPA,51,141,60
40811,AREQUIPA,LA UNION,TORO,14,101,128
50101,AYACUCHO,HUAMANGA,AYACUCHO,41718,76645,81696
50102,AYACUCHO,HUAMANGA,ACOCRO,41718,76645,81696
50103,AYACUCHO,HUAMANGA,ACOS VINCHOS,60,650,1225
50104,AYACUCHO,HUAMANGA,CARMEN ALTO,2091,2946,2413
50105,AYACUCHO,HUAMANGA,CHIARA,174,991,1543
50106,AYACUCHO,HUAMANGA,OCROS,168,1049,1278
50107,AYACUCHO,HUAMANGA,PACAYCASA,195,683,336
50108,AYACUCHO,HUAMANGA,QUINUA,143,758,992
50109,AYACUCHO,HUAMANGA,SAN JOSE DE TICLLAS,34,152,469
50110,AYACUCHO,HUAMANGA,SAN JUAN BAUTISTA,4565,3788,1686
50111,AYACUCHO,HUAMANGA,SANTIAGO DE PISCHA,57,216,308
50112,AYACUCHO,HUAMANGA,SOCOS,133,444,1969
50113,AYACUCHO,HUAMANGA,TAMBILLO,226,1251,713
50114,AYACUCHO,HUAMANGA,VINCHOS,287,764,4021
50115,AYACUCHO,HUAMANGA,JESUS NAZARENO,2918,1939,1200
,AYACUCHO,HUAMANGA,ANDRES AVELINO CACERES DORREGAY,2731,2808,1387
50201,AYACUCHO,CANGALLO,CANGALLO,189,879,1136
50202,AYACUCHO,CANGALLO,CHUSCHI,162,1153,1364
50203,AYACUCHO,CANGALLO,LOS MOROCHUCOS,226,955,2180
50204,AYACUCHO,CANGALLO,MARIA PARADO DE BELLIDO,44,407,493
50205,AYACUCHO,CANGALLO,PARAS,93,319,1270
50206,AYACUCHO,CANGALLO,TOTOS,54,651,455
50301,AYACUCHO,HUANCA SANCOS,SANCOS,180,606,343
50302,AYACUCHO,HUANCA SANCOS,CARAPO,90,400,197
50303,AYACUCHO,HUANCA SANCOS,SACSAMARCA,40,304,265
50304,AYACUCHO,HUANCA SANCOS,SANTIAGO DE LUCANAMARCA,103,385,364
50401,AYACUCHO,HUANTA,HUANTA,3019,5083,7228
50402,AYACUCHO,HUANTA,AYAHUANCO,64,277,451
50403,AYACUCHO,HUANTA,HUAMANGUILLA,84,910,514
50404,AYACUCHO,HUANTA,IGUAIN,117,594,647
50405,AYACUCHO,HUANTA,LURICOCHA,318,858,1539
50406,AYACUCHO,HUANTA,SANTILLANA,52,482,814
50407,AYACUCHO,HUANTA,SIVIA,517,1281,1651
50408,AYACUCHO,HUANTA,LLOCHEGUA,1034,1380,786
50409,AYACUCHO,HUANTA,CANAYRE,94,568,615
50410,AYACUCHO,HUANTA,UCHURACCAY,35,201,1175
50411,AYACUCHO,HUANTA,PUCACOLPA,42,333,731
50412,AYACUCHO,HUANTA,CHACA,23,504,272
,AYACUCHO,HUANTA,PUTIS,3,166,5
50501,AYACUCHO,LA MAR,SAN MIGUEL,455,1311,1231
50502,AYACUCHO,LA MAR,ANCO,347,1534,927
50503,AYACUCHO,LA MAR,AYNA,596,1337,862
50504,AYACUCHO,LA MAR,CHILCAS,52,276,521
50505,AYACUCHO,LA MAR,CHUNGUI,53,595,985
50506,AYACUCHO,LA MAR,LUIS CARRANZA,40,304,320
50507,AYACUCHO,LA MAR,SANTA ROSA,661,1485,1509
50508,AYACUCHO,LA MAR,TAMBO,467,1927,1582
50509,AYACUCHO,LA MAR,SAMUGARI,335,587,2255
50510,AYACUCHO,LA MAR,ANCHIHUAY,104,457,1065
50511,AYACUCHO,LA MAR,ORONCCOY,22,29,500
,AYACUCHO,LA MAR,UNION PROGRESO,62,246,496
,AYACUCHO,LA MAR,RIO MAGDALENA,3,90,458
,AYACUCHO,LA MAR,NINABAMBA,37,366,330
,AYACUCHO,LA MAR,PATIBAMBA,94,314,203
50601,AYACUCHO,LUCANAS,PUQUIO,1306,2165,1210
50602,AYACUCHO,LUCANAS,AUCARA,58,412,386
50603,AYACUCHO,LUCANAS,CABANA,56,330,46
50604,AYACUCHO,LUCANAS,CARMEN SALCEDO,92,268,78
50605,AYACUCHO,LUCANAS,CHAVINA,76,430,237
50606,AYACUCHO,LUCANAS,CHIPAO,66,266,591
50607,AYACUCHO,LUCANAS,HUAC-HUAS,67,229,221
50608,AYACUCHO,LUCANAS,LARAMATE,40,299,158
50609,AYACUCHO,LUCANAS,LEONCIO PRADO,31,152,214
50610,AYACUCHO,LUCANAS,LLAUTA,69,187,79
50611,AYACUCHO,LUCANAS,LUCANAS,140,431,359
50612,AYACUCHO,LUCANAS,OCANA,27,231,627
50613,AYACUCHO,LUCANAS,OTOCA,105,213,332
50614,AYACUCHO,LUCANAS,SAISA,32,54,35
50615,AYACUCHO,LUCANAS,SAN CRISTOBAL,18,250,256
50616,AYACUCHO,LUCANAS,SAN JUAN,46,134,52
50617,AYACUCHO,LUCANAS,SAN PEDRO,47,471,383
50618,AYACUCHO,LUCANAS,SAN PEDRO DE PALCO,38,176,220
50619,AYACUCHO,LUCANAS,SANCOS,164,432,397
50620,AYACUCHO,LUCANAS,SANTA ANA DE HUAYCAHUACHO,16,150,56
50621,AYACUCHO,LUCANAS,SANTA LUCIA,106,155,144
50701,AYACUCHO,PARINACOCHAS,CORACORA,675,1700,1101
50702,AYACUCHO,PARINACOCHAS,CHUMPI,103,499,218
50703,AYACUCHO,PARINACOCHAS,CORONEL CASTANEDA,77,95,144
50704,AYACUCHO,PARINACOCHAS,PACAPAUSA,22,148,130
50705,AYACUCHO,PARINACOCHAS,PULLO,369,558,263
50706,AYACUCHO,PARINACOCHAS,PUYUSCA,203,360,185
50707,AYACUCHO,PARINACOCHAS,SAN FRANCISCO DE RAVACAYCO,59,81,67
50708,AYACUCHO,PARINACOCHAS,UPAHUACHO,36,278,279
50801,AYACUCHO,PAUCAR DEL SARA SARA,PAUSA,205,457,327
50802,AYACUCHO,PAUCAR DEL SARA SARA,COLTA,18,97,76
50803,AYACUCHO,PAUCAR DEL SARA SARA,CORCULLA,17,71,69
50804,AYACUCHO,PAUCAR DEL SARA SARA,LAMPA,123,454,147
50805,AYACUCHO,PAUCAR DEL SARA SARA,MARCABAMBA,18,104,86
50806,AYACUCHO,PAUCAR DEL SARA SARA,OYOLO,44,208,155
50807,AYACUCHO,PAUCAR DEL SARA SARA,PARARCA,19,105,55
50808,AYACUCHO,PAUCAR DEL SARA SARA,SAN JAVIER DE ALPABAMBA,34,68,101
50809,AYACUCHO,PAUCAR DEL SARA SARA,SAN JOSE DE USHUA,16,56,19
50810,AYACUCHO,PAUCAR DEL SARA SARA,SARA SARA,49,120,32
50901,AYACUCHO,SUCRE,QUEROBAMBA,182,461,163
50902,AYACUCHO,SUCRE,BELEN,11,58,36
50903,AYACUCHO,SUCRE,CHALCOS,13,139,36
50904,AYACUCHO,SUCRE,CHILCAYOC,35,141,49
50905,AYACUCHO,SUCRE,HUACANA,57,70,52
50906,AYACUCHO,SUCRE,MORCOLLA,44,272,179
50907,AYACUCHO,SUCRE,PAICO,32,129,156
50908,AYACUCHO,SUCRE,SAN PEDRO DE LARCAY,24,176,156
50909,AYACUCHO,SUCRE,SAN SALVADOR DE QUIJE,22,278,228
50910,AYACUCHO,SUCRE,SANTIAGO DE PAUCARAY,10,115,152
50911,AYACUCHO,SUCRE,SORAS,45,206,140
51001,AYACUCHO,VICTOR FAJARDO,HUANCAPI,82,343,284
51002,AYACUCHO,VICTOR FAJARDO,ALCAMENCA,37,244,445
51003,AYACUCHO,VICTOR FAJARDO,APONGO,59,96,206
51004,AYACUCHO,VICTOR FAJARDO,ASQUIPATA,20,61,118
51005,AYACUCHO,VICTOR FAJARDO,CANARIA,206,508,306
51006,AYACUCHO,VICTOR FAJARDO,CAYARA,43,77,441
51007,AYACUCHO,VICTOR FAJARDO,COLCA,24,200,315
51008,AYACUCHO,VICTOR FAJARDO,HUAMANQUIQUIA,11,182,309
51009,AYACUCHO,VICTOR FAJARDO,HUANCARAYLLA,33,321,229
,AYACUCHO,VICTOR FAJARDO,HUAYA,32,440,362
51011,AYACUCHO,VICTOR FAJARDO,SARHUA,29,305,822
51012,AYACUCHO,VICTOR FAJARDO,VILCANCHOS,48,493,651
51101,AYACUCHO,VILCAS HUAMAN,VILCAS HUAMAN,202,1227,1093
51102,AYACUCHO,VILCAS HUAMAN,ACCOMARCA,27,11,603
51103,AYACUCHO,VILCAS HUAMAN,CARHUANCA,20,207,121
51104,AYACUCHO,VILCAS HUAMAN,CONCEPCION,45,279,612
51105,AYACUCHO,VILCAS HUAMAN,HUAMBALPA,20,167,495
51106,AYACUCHO,VILCAS HUAMAN,INDEPENDENCIA,21,115,411
51107,AYACUCHO,VILCAS HUAMAN,SAURAMA,24,193,239
51108,AYACUCHO,VILCAS HUAMAN,VISCHONGO,127,866,394
60101,CAJAMARCA,CAJAMARCA,CAJAMARCA,65492,171995,206025
60102,CAJAMARCA,CAJAMARCA,ASUNCION,146,1275,932
60103,CAJAMARCA,CAJAMARCA,CHETILLA,65492,171995,206025
60104,CAJAMARCA,CAJAMARCA,COSPAN,102,956,1051
60105,CAJAMARCA,CAJAMARCA,ENCANADA,65492,171995,206025
60106,CAJAMARCA,CAJAMARCA,JESUS,401,1673,2101
60107,CAJAMARCA,CAJAMARCA,LLACANORA,248,811,684
60108,CAJAMARCA,CAJAMARCA,LOS BANOS DEL INCA,3345,6442,4093
60109,CAJAMARCA,CAJAMARCA,MAGDALENA,145,500,2269
60110,CAJAMARCA,CAJAMARCA,MATARA,108,755,453
60111,CAJAMARCA,CAJAMARCA,NAMORA,266,1569,1625
60112,CAJAMARCA,CAJAMARCA,SAN JUAN,172,812,706
60201,CAJAMARCA,CAJABAMBA,CAJABAMBA,2552,4789,3134
60202,CAJAMARCA,CAJABAMBA,CACHACHI,737,2732,3941
60203,CAJAMARCA,CAJABAMBA,CONDEBAMBA,380,1777,2120
60204,CAJAMARCA,CAJABAMBA,SITACOCHA,90,1364,1257
60301,CAJAMARCA,CELENDIN,CELENDIN,1183,2906,2713
60302,CAJAMARCA,CELENDIN,CHUMUCH,21,361,622
60303,CAJAMARCA,CELENDIN,CORTEGANA,68,1131,977
60304,CAJAMARCA,CELENDIN,HUASMIN,76,1359,2317
60305,CAJAMARCA,CELENDIN,JORGE CHAVEZ,11,89,98
60306,CAJAMARCA,CELENDIN,JOSE GALVEZ,79,386,374
60307,CAJAMARCA,CELENDIN,MIGUEL IGLESIAS,26,470,886
60308,CAJAMARCA,CELENDIN,OXAMARCA,64,1029,1538
60309,CAJAMARCA,CELENDIN,SOROCHUCO,96,913,2055
60310,CAJAMARCA,CELENDIN,SUCRE,115,608,599
60311,CAJAMARCA,CELENDIN,UTCO,31,253,133
60312,CAJAMARCA,CELENDIN,LA LIBERTAD DE PALLAN,86,823,1575
60401,CAJAMARCA,CHOTA,CHOTA,2107,6955,5306
60402,CAJAMARCA,CHOTA,ANGUIA,58,533,669
60403,CAJAMARCA,CHOTA,CHADIN,62,831,692
60404,CAJAMARCA,CHOTA,CHIGUIRIP,47,922,611
60405,CAJAMARCA,CHOTA,CHIMBAN,38,175,551
60406,CAJAMARCA,CHOTA,CHOROPAMPA,75,539,411
60407,CAJAMARCA,CHOTA,COCHABAMBA,109,402,1651
60408,CAJAMARCA,CHOTA,CONCHAN,231,1166,495
60409,CAJAMARCA,CHOTA,HUAMBOS,124,865,2105
60410,CAJAMARCA,CHOTA,LAJAS,129,1549,2712
60411,CAJAMARCA,CHOTA,LLAMA,246,1211,1306
60412,CAJAMARCA,CHOTA,MIRACOSTA,48,439,817
60413,CAJAMARCA,CHOTA,PACCHA,139,752,740
60414,CAJAMARCA,CHOTA,PION,7,97,303
60415,CAJAMARCA,CHOTA,QUEROCOTO,130,1322,1404
60416,CAJAMARCA,CHOTA,SAN JUAN DE LICUPIS,11,147,208
60417,CAJAMARCA,CHOTA,TACABAMBA,310,1989,2313
60418,CAJAMARCA,CHOTA,TOCMOCHE,34,71,301
60419,CAJAMARCA,CHOTA,CHALAMARCA,82,1524,1207
60501,CAJAMARCA,CONTUMAZA,CONTUMAZA,137,463,1503
60502,CAJAMARCA,CONTUMAZA,CHILETE,111,304,698
60503,CAJAMARCA,CONTUMAZA,CUPISNIQUE,33,66,459
60504,CAJAMARCA,CONTUMAZA,GUZMANGO,11,182,430
60505,CAJAMARCA,CONTUMAZA,SAN BENITO,63,419,613
60506,CAJAMARCA,CONTUMAZA,SANTA CRUZ DE TOLED,3,74,207
60507,CAJAMARCA,CONTUMAZA,TANTARICA,82,273,432
60508,CAJAMARCA,CONTUMAZA,YONAN,221,1242,727
60601,CAJAMARCA,CUTERVO,CUTERVO,2003,8494,10087
60602,CAJAMARCA,CUTERVO,CALLAYUC,138,741,2811
60603,CAJAMARCA,CUTERVO,CHOROS,68,319,899
60604,CAJAMARCA,CUTERVO,CUJILLO,37,410,460
60605,CAJAMARCA,CUTERVO,LA RAMADA,97,415,872
60606,CAJAMARCA,CUTERVO,PIMPINGOS,79,734,1008
60607,CAJAMARCA,CUTERVO,QUEROCOTILLO,110,1348,3600
60608,CAJAMARCA,CUTERVO,SAN ANDRES DE CUTERVO,57,642,1240
60609,CAJAMARCA,CUTERVO,SAN JUAN DE CUTERVO,49,380,285
60610,CAJAMARCA,CUTERVO,SAN LUIS DE LUCMA,64,576,451
60611,CAJAMARCA,CUTERVO,SANTA CRUZ,59,418,638
60612,CAJAMARCA,CUTERVO,SANTO DOMINGO DE LA CAPILLA,149,896,871
60613,CAJAMARCA,CUTERVO,SANTO TOMAS,96,899,2001
60614,CAJAMARCA,CUTERVO,SOCOTA,188,1440,1715
60615,CAJAMARCA,CUTERVO,TORIBIO CASANOVA,17,135,396
60701,CAJAMARCA,HUALGAYOC,BAMBAMARCA,3263,9954,8414
60702,CAJAMARCA,HUALGAYOC,CHUGUR,93,534,331
60703,CAJAMARCA,HUALGAYOC,HUALGAYOC,357,1695,2385
60801,CAJAMARCA,JAEN,JAEN,11627,6413,6657
60802,CAJAMARCA,JAEN,BELLAVISTA,701,885,5480
60803,CAJAMARCA,JAEN,CHONTALI,85,1331,2055
60804,CAJAMARCA,JAEN,COLASAY,206,1529,2302
60805,CAJAMARCA,JAEN,HUABAL,151,1574,2089
60806,CAJAMARCA,JAEN,LAS PIRIAS,83,754,901
60807,CAJAMARCA,JAEN,POMAHUACA,137,1173,1552
60808,CAJAMARCA,JAEN,PUCARA,545,615,1711
60809,CAJAMARCA,JAEN,SALLIQUE,88,489,1994
60810,CAJAMARCA,JAEN,SAN FELIPE,82,560,1266
60811,CAJAMARCA,JAEN,SAN JOSE DEL ALTO,192,1268,1084
60812,CAJAMARCA,JAEN,SANTA ROSA,182,2099,2039
60901,CAJAMARCA,SAN IGNACIO,SAN IGNACIO,1373,5777,2644
60902,CAJAMARCA,SAN IGNACIO,CHIRINOS,353,2545,1891
60903,CAJAMARCA,SAN IGNACIO,HUARANGO,583,2659,4531
60904,CAJAMARCA,SAN IGNACIO,LA COIPA,359,2989,4702
60905,CAJAMARCA,SAN IGNACIO,NAMBALLE,179,1036,1820
60906,CAJAMARCA,SAN IGNACIO,SAN JOSE DE LOURDES,332,3265,3161
60907,CAJAMARCA,SAN IGNACIO,TABACONAS,305,3204,4025
61001,CAJAMARCA,SAN MARCOS,PEDRO GALVEZ,908,3193,2956
61002,CAJAMARCA,SAN MARCOS,CHANCAY,82,643,392
61003,CAJAMARCA,SAN MARCOS,EDUARDO VILLANUEVA,48,515,324
61004,CAJAMARCA,SAN MARCOS,GREGORIO PITA,63,1019,784
61005,CAJAMARCA,SAN MARCOS,ICHOCAN,53,264,133
61006,CAJAMARCA,SAN MARCOS,JOSE MANUEL QUIROZ,42,331,957
61007,CAJAMARCA,SAN MARCOS,JOSE SABOGAL,106,659,3449
61101,CAJAMARCA,SAN MIGUEL,SAN MIGUEL,314,1714,2848
61102,CAJAMARCA,SAN MIGUEL,BOLIVAR,39,217,378
61103,CAJAMARCA,SAN MIGUEL,CALQUIS,59,608,874
61104,CAJAMARCA,SAN MIGUEL,CATILLUC,51,475,327
61105,CAJAMARCA,SAN MIGUEL,EL PRADO,36,371,328
61106,CAJAMARCA,SAN MIGUEL,LA FLORIDA,32,265,650
61107,CAJAMARCA,SAN MIGUEL,LLAPA,115,845,598
61108,CAJAMARCA,SAN MIGUEL,NANCHOC,22,135,444
61109,CAJAMARCA,SAN MIGUEL,NIEPOS,30,391,880
61110,CAJAMARCA,SAN MIGUEL,SAN GREGORIO,36,120,774
61111,CAJAMARCA,SAN MIGUEL,SAN SILVESTRE DE COCHAN,93,736,658
61112,CAJAMARCA,SAN MIGUEL,TONGOD,79,720,285
61113,CAJAMARCA,SAN MIGUEL,UNION AGUA BLANCA,49,488,454
61201,CAJAMARCA,SAN PABLO,SAN PABLO,333,1863,1875
61202,CAJAMARCA,SAN PABLO,SAN BERNARDINO,61,233,1219
61203,CAJAMARCA,SAN PABLO,SAN LUIS,23,75,337
61204,CAJAMARCA,SAN PABLO,TUMBADEN,64,549,693
61301,CAJAMARCA,SANTA CRUZ,SANTA CRUZ,519,1378,1451
61302,CAJAMARCA,SANTA CRUZ,ANDABAMBA,12,178,370
61303,CAJAMARCA,SANTA CRUZ,CATACHE,113,71,2359
61304,CAJAMARCA,SANTA CRUZ,CHANCAYBANOS,94,291,743
61305,CAJAMARCA,SANTA CRUZ,LA ESPERANZA,39,55,748
61306,CAJAMARCA,SANTA CRUZ,NINABAMBA,41,471,222
61307,CAJAMARCA,SANTA CRUZ,PULAN,82,717,860
61308,CAJAMARCA,SANTA CRUZ,SAUCEPAMPA,33,60,517
61309,CAJAMARCA,SANTA CRUZ,SEXI,19,53,66
61310,CAJAMARCA,SANTA CRUZ,UTICYACU,22,220,235
61311,CAJAMARCA,SANTA CRUZ,YAUYUCAN,68,496,460
,CALLAO,CALLAO,CALLAO,59698,131699,23698
,CALLAO,CALLAO,BELLAVISTA,4325,2978,462
,CALLAO,CALLAO,CARMEN DE LA LEGUA REYNOSO,5999,5553,656
,CALLAO,CALLAO,LA PERLA,2359,1201,358
,CALLAO,CALLAO,LA PUNTA,98,46,15
,CALLAO,CALLAO,VENTANILLA,22279,55485,11436
,CALLAO,CALLAO,MI PERU,3189,10341,2324
80101,CUSCO,CUSCO,CUSCO,91053,140286,167542
80102,CUSCO,CUSCO,CCORCA,47,569,287
80103,CUSCO,CUSCO,POROY,91053,140286,167542
80104,CUSCO,CUSCO,SAN JERONIMO,5834,6010,1818
80105,CUSCO,CUSCO,SAN SEBASTIAN,91053,140286,167542
80106,CUSCO,CUSCO,SANTIAGO,12429,9826,2499
80107,CUSCO,CUSCO,SAYLLA,875,445,111
80108,CUSCO,CUSCO,WANCHAQ,4668,521,15
80201,CUSCO,ACOMAYO,ACOMAYO,164,516,771
80202,CUSCO,ACOMAYO,ACOPIA,53,231,700
80203,CUSCO,ACOMAYO,ACOS,28,98,646
80204,CUSCO,ACOMAYO,MOSOC LLACTA,39,140,282
80205,CUSCO,ACOMAYO,POMACANCHI,101,874,1377
80206,CUSCO,ACOMAYO,RONDOCAN,25,95,808
80207,CUSCO,ACOMAYO,SANGARARA,55,236,725
80301,CUSCO,ANTA,ANTA,1768,2619,2319
80302,CUSCO,ANTA,ANCAHUASI,221,406,2490
80303,CUSCO,ANTA,CACHIMAYO,110,215,243
80304,CUSCO,ANTA,CHINCHAYPUJIO,76,408,1344
80305,CUSCO,ANTA,HUAROCONDO,190,1060,842
80306,CUSCO,ANTA,LIMATAMBO,245,1537,1848
80307,CUSCO,ANTA,MOLLEPATA,139,589,354
80308,CUSCO,ANTA,PUCYURA,313,482,400
80309,CUSCO,ANTA,ZURITE,90,297,708
80401,CUSCO,CALCA,CALCA,1988,3147,2650
80402,CUSCO,CALCA,COYA,77,147,625
80403,CUSCO,CALCA,LAMAY,156,827,1054
80404,CUSCO,CALCA,LARES,102,964,1691
80405,CUSCO,CALCA,PISAC,447,731,1842
80406,CUSCO,CALCA,SAN SALVADOR,161,394,1154
80407,CUSCO,CALCA,TARAY,258,459,721
80408,CUSCO,CALCA,YANATILE,279,890,2170
80501,CUSCO,CANAS,YANAOCA,258,988,2109
80502,CUSCO,CANAS,CHECCA,129,135,2190
80503,CUSCO,CANAS,KUNTURKANKI,186,361,1641
80504,CUSCO,CANAS,LANGUI,111,150,770
80505,CUSCO,CANAS,LAYO,127,572,1471
80506,CUSCO,CANAS,PAMPAMARCA,69,295,225
80507,CUSCO,CANAS,QUEHUE,58,255,861
80508,CUSCO,CANAS,TUPAC AMARU,66,301,909
80601,CUSCO,CANCHIS,SICUANI,4520,11637,11174
80602,CUSCO,CANCHIS,CHECACUPE,299,724,896
80603,CUSCO,CANCHIS,COMBAPATA,228,859,585
80604,CUSCO,CANCHIS,MARANGANI,430,1298,2246
80605,CUSCO,CANCHIS,PITUMARCA,176,1157,1782
80606,CUSCO,CANCHIS,SAN PABLO,179,650,1195
80607,CUSCO,CANCHIS,SAN PEDRO,212,374,575
80608,CUSCO,CANCHIS,TINTA,458,913,910
80701,CUSCO,CHUMBIVILCAS,SANTO TOMAS,687,2682,2957
80702,CUSCO,CHUMBIVILCAS,CAPACMARCA,181,559,1498
80703,CUSCO,CHUMBIVILCAS,CHAMACA,337,724,1580
80704,CUSCO,CHUMBIVILCAS,COLQUEMARCA,221,1831,1433
80705,CUSCO,CHUMBIVILCAS,LIVITACA,425,692,4079
80706,CUSCO,CHUMBIVILCAS,LLUSCO,116,742,1449
80707,CUSCO,CHUMBIVILCAS,QUINOTA,96,432,1240
80708,CUSCO,CHUMBIVILCAS,VELILLE,183,816,1963
80801,CUSCO,ESPINAR,ESPINAR,2536,7756,5255
80802,CUSCO,ESPINAR,CONDOROMA,53,36,420
80803,CUSCO,ESPINAR,COPORAQUE,619,437,4338
80804,CUSCO,ESPINAR,OCORURO,74,59,563
80805,CUSCO,ESPINAR,PALLPATA,198,801,1804
80806,CUSCO,ESPINAR,PICHIGUA,198,140,1300
80807,CUSCO,ESPINAR,SUYCKUTAMBO,81,46,757
80808,CUSCO,ESPINAR,ALTO PICHIGUA,100,183,721
80901,CUSCO,LA CONVENCION,SANTA ANA,4435,3121,1177
80902,CUSCO,LA CONVENCION,ECHARATE,1593,4566,4326
80903,CUSCO,LA CONVENCION,HUAYOPATA,401,1103,538
80904,CUSCO,LA CONVENCION,MARANURA,429,1246,813
80905,CUSCO,LA CONVENCION,OCOBAMBA,250,1185,741
80906,CUSCO,LA CONVENCION,QUELLOUNO,668,1849,1810
80907,CUSCO,LA CONVENCION,KIMBIRI,1534,2620,2341
80908,CUSCO,LA CONVENCION,SANTA TERESA,475,1157,1165
80909,CUSCO,LA CONVENCION,VILCABAMBA,572,1113,3218
80910,CUSCO,LA CONVENCION,PICHARI,1911,2687,4053
80911,CUSCO,LA CONVENCION,INKAWASI,114,1146,903
80912,CUSCO,LA CONVENCION,VILLA VIRGEN,62,634,268
80913,CUSCO,LA CONVENCION,VILLA KINTIARINA,64,237,832
80914,CUSCO,LA CONVENCION,MEGANTONI,599,3389,1685
,CUSCO,LA CONVENCION,KUMPIRUSHIATO,109,500,1235
,CUSCO,LA CONVENCION,CIELO PUNCO,40,334,481
,CUSCO,LA CONVENCION,MANITEA,117,519,529
,CUSCO,LA CONVENCION,UNION ASHANINK,178,296,1017
81001,CUSCO,PARURO,PARURO,78,439,482
81002,CUSCO,PARURO,ACCHA,74,444,694
81003,CUSCO,PARURO,CCAPI,48,696,608
81004,CUSCO,PARURO,COLCHA,13,81,297
81005,CUSCO,PARURO,HUANOQUITE,187,829,846
81006,CUSCO,PARURO,OMACHA,66,717,1581
81007,CUSCO,PARURO,PACCARITAMBO,32,82,666
81008,CUSCO,PARURO,PILLPINTO,11,72,435
81009,CUSCO,PARURO,YAURISQUE,76,275,749
81101,CUSCO,PAUCARTAMBO,PAUCARTAMBO,336,1132,3033
81102,CUSCO,PAUCARTAMBO,CAICAY,79,182,774
81103,CUSCO,PAUCARTAMBO,CHALLABAMBA,182,1424,1843
81104,CUSCO,PAUCARTAMBO,COLQUEPATA,119,1207,1344
81105,CUSCO,PAUCARTAMBO,HUANCARANI,184,795,1093
81106,CUSCO,PAUCARTAMBO,KOSNIPATA,109,680,1541
81201,CUSCO,QUISPICANCHI,URCOS,634,1360,1294
81202,CUSCO,QUISPICANCHI,ANDAHUAYLILLAS,465,990,559
81203,CUSCO,QUISPICANCHI,CAMANTI,127,187,192
81204,CUSCO,QUISPICANCHI,CCARHUAYO,45,633,450
81205,CUSCO,QUISPICANCHI,CCATCA,260,1166,3558
81206,CUSCO,QUISPICANCHI,CUSIPATA,266,653,735
81207,CUSCO,QUISPICANCHI,HUARO,148,317,997
81208,CUSCO,QUISPICANCHI,LUCRE,248,409,525
81209,CUSCO,QUISPICANCHI,MARCAPATA,181,248,1503
81210,CUSCO,QUISPICANCHI,OCONGATE,486,2181,4032
81211,CUSCO,QUISPICANCHI,OROPESA,1042,1097,411
81212,CUSCO,QUISPICANCHI,QUIQUIJANA,270,860,2122
81301,CUSCO,URUBAMBA,URUBAMBA,2067,2158,1546
81302,CUSCO,URUBAMBA,CHINCHERO,758,1135,1149
81303,CUSCO,URUBAMBA,HUAYLLABAMBA,385,509,823
81304,CUSCO,URUBAMBA,MACHUPICCHU,620,553,386
81305,CUSCO,URUBAMBA,MARAS,191,90,2587
81306,CUSCO,URUBAMBA,OLLANTAYTAMBO,531,961,1420
81307,CUSCO,URUBAMBA,YUCAY,204,744,203
90101,HUANCAVELICA,HUANCAVELICA,HUANCAVELICA,16242,44400,70975
90102,HUANCAVELICA,HUANCAVELICA,ACOBAMBILLA,58,388,502
90103,HUANCAVELICA,HUANCAVELICA,ACORIA,552,2082,4077
90104,HUANCAVELICA,HUANCAVELICA,CONAYCA,17,148,94
90105,HUANCAVELICA,HUANCAVELICA,CUENCA,30,131,357
90106,HUANCAVELICA,HUANCAVELICA,HUACHOCOLPA,96,129,453
90107,HUANCAVELICA,HUANCAVELICA,HUAYLLAHUARA,34,127,167
90108,HUANCAVELICA,HUANCAVELICA,IZCUCHACA,100,208,54
90109,HUANCAVELICA,HUANCAVELICA,LARIA,20,94,209
90110,HUANCAVELICA,HUANCAVELICA,MANTA,25,139,157
90111,HUANCAVELICA,HUANCAVELICA,MARISCAL CACERES,12,101,54
90112,HUANCAVELICA,HUANCAVELICA,MOYA,45,125,225
90113,HUANCAVELICA,HUANCAVELICA,NUEVO OCCORO,92,219,617
90114,HUANCAVELICA,HUANCAVELICA,PALCA,96,337,429
90115,HUANCAVELICA,HUANCAVELICA,PILCHACA,18,91,118
90116,HUANCAVELICA,HUANCAVELICA,VILCA,44,406,486
90117,HUANCAVELICA,HUANCAVELICA,YAULI,823,1459,5243
90118,HUANCAVELICA,HUANCAVELICA,ASCENSION,1183,1936,1197
90119,HUANCAVELICA,HUANCAVELICA,HUANDO,186,777,1307
90201,HUANCAVELICA,ACOBAMBA,ACOBAMBA,677,1791,816
90202,HUANCAVELICA,ACOBAMBA,ANDABAMBA,67,469,905
90203,HUANCAVELICA,ACOBAMBA,ANTA,87,418,1401
90204,HUANCAVELICA,ACOBAMBA,CAJA,58,229,785
90205,HUANCAVELICA,ACOBAMBA,MARCAS,44,328,523
90206,HUANCAVELICA,ACOBAMBA,PAUCARA,315,1301,2091
90207,HUANCAVELICA,ACOBAMBA,POMACOCHA,87,653,679
90208,HUANCAVELICA,ACOBAMBA,ROSARIO,103,409,1726
90301,HUANCAVELICA,ANGARAES,LIRCAY,1599,2764,4340
90302,HUANCAVELICA,ANGARAES,ANCHONGA,245,465,2151
90303,HUANCAVELICA,ANGARAES,CALLANMARCA,24,82,253
90304,HUANCAVELICA,ANGARAES,CCOCHACCASA,227,327,206
90305,HUANCAVELICA,ANGARAES,CHINCHO,36,213,194
90306,HUANCAVELICA,ANGARAES,CONGALLA,86,526,1001
90307,HUANCAVELICA,ANGARAES,HUANCA-HUANCA,33,206,388
90308,HUANCAVELICA,ANGARAES,HUAYLLAY GRANDE,27,118,387
90309,HUANCAVELICA,ANGARAES,JULCAMARCA,38,207,229
90310,HUANCAVELICA,ANGARAES,SAN ANTONIO DE ANTAPARCO,26,153,172
90311,HUANCAVELICA,ANGARAES,SANTO TOMAS DE PATA,44,204,495
90312,HUANCAVELICA,ANGARAES,SECCLLA,77,515,619
90401,HUANCAVELICA,CASTROVIRREYNA,CASTROVIRREYNA,215,338,293
90402,HUANCAVELICA,CASTROVIRREYNA,ARMA,21,66,284
90403,HUANCAVELICA,CASTROVIRREYNA,AURAHUA,34,189,339
90404,HUANCAVELICA,CASTROVIRREYNA,CAPILLAS,27,244,175
90405,HUANCAVELICA,CASTROVIRREYNA,CHUPAMARCA,13,173,138
90406,HUANCAVELICA,CASTROVIRREYNA,COCAS,35,127,386
90407,HUANCAVELICA,CASTROVIRREYNA,HUACHOS,24,184,309
90408,HUANCAVELICA,CASTROVIRREYNA,HUAMATAMBO,8,84,48
90409,HUANCAVELICA,CASTROVIRREYNA,MOLLEPAMPA,29,179,215
90410,HUANCAVELICA,CASTROVIRREYNA,SAN JUAN,31,114,208
90411,HUANCAVELICA,CASTROVIRREYNA,SANTA ANA,56,61,259
90412,HUANCAVELICA,CASTROVIRREYNA,TANTARA,24,170,96
90413,HUANCAVELICA,CASTROVIRREYNA,TICRAPO,95,236,244
90501,HUANCAVELICA,CHURCAMPA,CHURCAMPA,190,797,885
90502,HUANCAVELICA,CHURCAMPA,ANCO,104,1008,934
90503,HUANCAVELICA,CHURCAMPA,CHINCHIHUASI,38,235,793
90504,HUANCAVELICA,CHURCAMPA,EL CARMEN,42,104,1078
90505,HUANCAVELICA,CHURCAMPA,LA MERCED,7,83,187
90506,HUANCAVELICA,CHURCAMPA,LOCROJA,91,333,1162
90507,HUANCAVELICA,CHURCAMPA,PAUCARBAMBA,64,614,1214
90508,HUANCAVELICA,CHURCAMPA,SAN MIGUEL DE MAYOCC,21,111,168
90509,HUANCAVELICA,CHURCAMPA,SAN PEDRO DE CORIS,63,244,816
90510,HUANCAVELICA,CHURCAMPA,PACHAMARCA,54,394,554
90511,HUANCAVELICA,CHURCAMPA,COSME,31,509,730
90601,HUANCAVELICA,HUAYTARA,HUAYTARA,156,327,252
90602,HUANCAVELICA,HUAYTARA,AYAVI,10,65,159
90603,HUANCAVELICA,HUAYTARA,CORDOVA,25,223,211
90604,HUANCAVELICA,HUAYTARA,HUAYACUNDO ARMA,8,65,32
90605,HUANCAVELICA,HUAYTARA,LARAMARCA,15,127,73
90606,HUANCAVELICA,HUAYTARA,OCOYO,17,136,164
90607,HUANCAVELICA,HUAYTARA,PILPICHACA,161,213,1390
90608,HUANCAVELICA,HUAYTARA,QUERCO,21,167,153
90609,HUANCAVELICA,HUAYTARA,QUITO-ARMA,18,152,133
90610,HUANCAVELICA,HUAYTARA,SAN ANTONIO DE CUSICANCHA,26,173,276
90611,HUANCAVELICA,HUAYTARA,SAN FRANCISCO DE SANGAYAICO,11,136,283
90612,HUANCAVELICA,HUAYTARA,SAN ISIDRO,11,40,187
90613,HUANCAVELICA,HUAYTARA,SANTIAGO DE CHOCORVOS,70,241,477
90614,HUANCAVELICA,HUAYTARA,SANTIAGO DE QUIRAHUARA,10,18,188
90615,HUANCAVELICA,HUAYTARA,SANTO DOMINGO DE CAPILLAS,19,130,142
90616,HUANCAVELICA,HUAYTARA,TAMBO,21,166,118
90701,HUANCAVELICA,TAYACAJA,PAMPAS,654,1554,948
90702,HUANCAVELICA,TAYACAJA,ACOSTAMBO,96,503,797
90703,HUANCAVELICA,TAYACAJA,ACRAQUIA,208,811,698
90704,HUANCAVELICA,TAYACAJA,AHUAYCHA,164,743,567
90705,HUANCAVELICA,TAYACAJA,COLCABAMBA,324,1563,3104
90706,HUANCAVELICA,TAYACAJA,DANIEL HERNANDEZ,539,1566,1362
90707,HUANCAVELICA,TAYACAJA,HUACHOCOLPA,65,280,540
90709,HUANCAVELICA,TAYACAJA,HUARIBAMBA,107,320,1118
90710,HUANCAVELICA,TAYACAJA,NAHUIMPUQUIO,47,304,270
90711,HUANCAVELICA,TAYACAJA,PAZOS,204,1125,690
90713,HUANCAVELICA,TAYACAJA,QUISHUAR,10,93,187
90714,HUANCAVELICA,TAYACAJA,SALCABAMBA,77,474,1042
90715,HUANCAVELICA,TAYACAJA,SALCAHUASI,33,249,905
90716,HUANCAVELICA,TAYACAJA,SAN MARCOS DE ROCCHAC,60,154,683
90717,HUANCAVELICA,TAYACAJA,SURCUBAMBA,90,441,1206
90718,HUANCAVELICA,TAYACAJA,TINTAY PUNCU,51,132,611
90719,HUANCAVELICA,TAYACAJA,QUICHUAS,90,544,1013
90720,HUANCAVELICA,TAYACAJA,ANDAYMARCA,57,406,624
90721,HUANCAVELICA,TAYACAJA,ROBLE,12,185,364
90722,HUANCAVELICA,TAYACAJA,PICHOS,18,331,295
90723,HUANCAVELICA,TAYACAJA,SANTIAGO DE TUCUMA,16,341,166
,HUANCAVELICA,TAYACAJA,LAMBRAS,58,398,481
,HUANCAVELICA,TAYACAJA,COCHABAMBA,10,20,364
100101,HUANUCO,HUANUCO,HUANUCO,11103,3690,2122
100102,HUANUCO,HUANUCO,AMARILIS,45541,86020,89466
100103,HUANUCO,HUANUCO,CHINCHAO,45541,86020,89466
100104,HUANUCO,HUANUCO,CHURUBAMBA,357,2550,3678
100105,HUANUCO,HUANUCO,MARGOS,65,958,700
100106,HUANUCO,HUANUCO,QUISQUI (KICHKI),151,695,847
100107,HUANUCO,HUANUCO,SAN FRANCISCO DE CAYRAN,182,931,809
100108,HUANUCO,HUANUCO,SAN PEDRO DE CHAULAN,16,376,666
100109,HUANUCO,HUANUCO,SANTA MARIA DEL VALLE,863,2890,2702
100110,HUANUCO,HUANUCO,YARUMAYO,46,292,408
100111,HUANUCO,HUANUCO,PILLCO MARCA,2782,2209,2496
100112,HUANUCO,HUANUCO,YACUS,19,387,508
100113,HUANUCO,HUANUCO,SAN PABLO DE PILLAO,195,1967,914
100201,HUANUCO,AMBO,AMBO,621,2080,2710
100202,HUANUCO,AMBO,CAYNA,55,534,384
100203,HUANUCO,AMBO,COLPAS,16,247,383
100204,HUANUCO,AMBO,CONCHAMARCA,195,1079,598
100205,HUANUCO,AMBO,HUACAR,204,1637,711
100206,HUANUCO,AMBO,SAN FRANCISCO,55,490,128
100207,HUANUCO,AMBO,SAN RAFAEL,229,1634,1594
100208,HUANUCO,AMBO,TOMAY KICHWA,360,506,258
100301,HUANUCO,DOS DE MAYO,LA UNION,138,713,678
100307,HUANUCO,DOS DE MAYO,CHUQUIS,75,522,776
100311,HUANUCO,DOS DE MAYO,MARIAS,58,888,1092
100313,HUANUCO,DOS DE MAYO,PACHAS,178,1170,856
100316,HUANUCO,DOS DE MAYO,QUIVILLA,29,170,184
100317,HUANUCO,DOS DE MAYO,RIPAN,175,627,978
100321,HUANUCO,DOS DE MAYO,SHUNQUI,68,327,389
100322,HUANUCO,DOS DE MAYO,SILLAPATA,80,382,400
100323,HUANUCO,DOS DE MAYO,YANAS,78,408,632
100401,HUANUCO,HUACAYBAMBA,HUACAYBAMBA,120,990,459
100402,HUANUCO,HUACAYBAMBA,CANCHABAMBA,69,379,575
100403,HUANUCO,HUACAYBAMBA,COCHABAMBA,11,187,255
100404,HUANUCO,HUACAYBAMBA,PINRA,79,994,914
100501,HUANUCO,HUAMALIES,LLATA,462,2280,1879
100502,HUANUCO,HUAMALIES,ARANCAY,35,403,228
100503,HUANUCO,HUAMALIES,CHAVIN DE PARIARCA,37,604,670
100504,HUANUCO,HUAMALIES,JACAS GRANDE,176,718,1263
100505,HUANUCO,HUAMALIES,JIRCAN,28,278,256
100506,HUANUCO,HUAMALIES,MIRAFLORES,63,653,435
100507,HUANUCO,HUAMALIES,MONZON,498,1860,2636
100508,HUANUCO,HUAMALIES,PUNCHAO,55,427,221
100509,HUANUCO,HUAMALIES,PUNOS,118,721,829
100510,HUANUCO,HUAMALIES,SINGA,84,576,498
100511,HUANUCO,HUAMALIES,TANTAMAYO,22,354,341
100601,HUANUCO,LEONCIO PRADO,RUPA-RUPA,4348,3885,3210
100602,HUANUCO,LEONCIO PRADO,DANIEL ALOMIA ROBLES,173,1135,1048
100603,HUANUCO,LEONCIO PRADO,HERMILIO VALDIZAN,135,833,511
100604,HUANUCO,LEONCIO PRADO,JOSE CRESPO Y CASTILLO,2010,2583,1884
100605,HUANUCO,LEONCIO PRADO,LUYANDO,388,1283,1822
100606,HUANUCO,LEONCIO PRADO,MARIANO DAMASO BERAUN,819,1927,1069
100607,HUANUCO,LEONCIO PRADO,PUCAYACU,99,685,756
100608,HUANUCO,LEONCIO PRADO,CASTILLO GRANDE,659,1130,1332
100609,HUANUCO,LEONCIO PRADO,PUEBLO NUEVO,122,591,1015
100610,HUANUCO,LEONCIO PRADO,SANTO DOMINGO DE ANDA,156,566,336
100701,HUANUCO,MARANON,HUACRACHUCO,238,3172,1269
100702,HUANUCO,MARANON,CHOLON,180,755,1497
100703,HUANUCO,MARANON,SAN BUENAVENTURA,55,401,351
100704,HUANUCO,MARANON,LA MORADA,47,430,954
,HUANUCO,MARANON,SANTA ROSA DE ALTO JAYANANCA,31,89,1001
100801,HUANUCO,PACHITEA,PANAO,329,1845,4123
100802,HUANUCO,PACHITEA,CHAGLLA,504,1967,1851
100803,HUANUCO,PACHITEA,MOLINO,444,1738,2384
100804,HUANUCO,PACHITEA,UMARI,268,1373,2494
100901,HUANUCO,PUERTO INCA,PUERTO INCA,672,1266,1369
100902,HUANUCO,PUERTO INCA,CODO DEL POZUZO,468,539,1097
100903,HUANUCO,PUERTO INCA,HONORIA,291,808,855
100904,HUANUCO,PUERTO INCA,TOURNAVISTA,156,639,1564
100905,HUANUCO,PUERTO INCA,YUYAPICHIS,423,469,901
101001,HUANUCO,LAURICOCHA,JESUS,135,847,573
101002,HUANUCO,LAURICOCHA,BANOS,96,431,413
101003,HUANUCO,LAURICOCHA,JIVIA,41,149,256
101004,HUANUCO,LAURICOCHA,QUEROPALCA,26,97,81
101005,HUANUCO,LAURICOCHA,RONDOS,131,724,797
101006,HUANUCO,LAURICOCHA,SAN FRANCISCO DE ASIS,16,345,185
101007,HUANUCO,LAURICOCHA,SAN MIGUEL DE CAURI,102,482,1223
101101,HUANUCO,YAROWILCA,CHAVINILLO,113,677,852
101102,HUANUCO,YAROWILCA,CAHUAC,55,273,167
101103,HUANUCO,YAROWILCA,CHACABAMBA,41,308,167
101104,HUANUCO,YAROWILCA,APARICIO POMARES,120,806,1142
101105,HUANUCO,YAROWILCA,JACAS CHICO,32,198,232
101106,HUANUCO,YAROWILCA,OBAS,96,717,947
101107,HUANUCO,YAROWILCA,PAMPAMARCA,24,178,392
101108,HUANUCO,YAROWILCA,CHORAS,37,389,416
110101,ICA,ICA,ICA,71219,120710,22807
110102,ICA,ICA,LA TINGUINA,71219,120710,22807
110103,ICA,ICA,LOS AQUIJES,1935,3897,843
110104,ICA,ICA,OCUCAJE,338,668,332
110105,ICA,ICA,PACHACUTEC,285,731,230
110106,ICA,ICA,PARCONA,6291,8628,237
110107,ICA,ICA,PUEBLO NUEVO,283,246,424
110108,ICA,ICA,SALAS,1373,4472,425
110109,ICA,ICA,SAN JOSE DE LOS MOLINOS,241,376,331
110110,ICA,ICA,SAN JUAN BAUTISTA,1372,916,387
110111,ICA,ICA,SANTIAGO,2037,3119,1110
110112,ICA,ICA,SUBTANJALLA,3996,5245,247
110113,ICA,ICA,TATE,451,913,316
110114,ICA,ICA,YAUCA DEL ROSARIO,41,31,195
110201,ICA,CHINCHA,CHINCHA ALTA,4771,8428,879
110202,ICA,CHINCHA,ALTO LARAN,414,552,252
110203,ICA,CHINCHA,CHAVIN,16,136,135
110204,ICA,CHINCHA,CHINCHA BAJA,730,675,266
110205,ICA,CHINCHA,EL CARMEN,493,443,817
110206,ICA,CHINCHA,GROCIO PRADO,2637,5261,1066
110207,ICA,CHINCHA,PUEBLO NUEVO,5030,10923,969
110208,ICA,CHINCHA,SAN JUAN DE YANAC,104,155,286
110209,ICA,CHINCHA,SAN PEDRO DE HUACARPANA,6,85,174
110210,ICA,CHINCHA,SUNAMPE,2533,6218,596
110211,ICA,CHINCHA,TAMBO DE MORA,200,935,77
,ICA,NAZCA,NAZCA,3106,5103,892
,ICA,NAZCA,CHANGUILLO,231,203,347
,ICA,NAZCA,EL INGENIO,389,469,645
,ICA,NAZCA,MARCONA,431,1772,128
,ICA,NAZCA,VISTA ALEGRE,3478,5529,1078
110401,ICA,PALPA,PALPA,439,569,536
110402,ICA,PALPA,LLIPATA,172,113,210
110403,ICA,PALPA,RIO GRANDE,173,156,207
110404,ICA,PALPA,SANTA CRUZ,103,119,149
110405,ICA,PALPA,TIBILLO,2,42,38
110501,ICA,PISCO,PISCO,4938,7546,1242
110502,ICA,PISCO,HUANCANO,197,161,252
110503,ICA,PISCO,HUMAY,1190,919,281
110504,ICA,PISCO,INDEPENDENCIA,672,1296,1223
110505,ICA,PISCO,PARACAS,649,1486,190
110506,ICA,PISCO,SAN ANDRES,704,4388,1539
110507,ICA,PISCO,SAN CLEMENTE,3244,4574,470
110508,ICA,PISCO,TUPAC AMARU INCA,1568,4021,790
120101,JUNIN,HUANCAYO,HUANCAYO,97333,113405,132158
120104,JUNIN,HUANCAYO,CARHUACALLANGA,97333,113405,132158
120105,JUNIN,HUANCAYO,CHACAPAMPA,20,112,166
120106,JUNIN,HUANCAYO,CHICCHE,97333,113405,132158
120107,JUNIN,HUANCAYO,CHILCA,8490,8203,7566
120108,JUNIN,HUANCAYO,CHONGOS ALTO,42,226,181
120111,JUNIN,HUANCAYO,CHUPURO,205,310,242
120112,JUNIN,HUANCAYO,COLCA,14,193,196
120113,JUNIN,HUANCAYO,CULLHUAS,29,46,691
120114,JUNIN,HUANCAYO,EL TAMBO,8788,4879,3524
120116,JUNIN,HUANCAYO,HUACRAPUQUIO,143,249,151
120117,JUNIN,HUANCAYO,HUALHUAS,629,893,565
120119,JUNIN,HUANCAYO,HUANCAN,4261,3310,1590
120120,JUNIN,HUANCAYO,HUASICANCHA,7,110,88
120121,JUNIN,HUANCAYO,HUAYUCACHI,871,1249,1327
120122,JUNIN,HUANCAYO,INGENIO,154,332,126
120124,JUNIN,HUANCAYO,PARIAHUANCA,68,860,1103
120125,JUNIN,HUANCAYO,PILCOMAYO,2304,1959,1158
120126,JUNIN,HUANCAYO,PUCARA,112,653,612
120127,JUNIN,HUANCAYO,QUICHUAY,94,236,85
120128,JUNIN,HUANCAYO,QUILCAS,235,530,257
120129,JUNIN,HUANCAYO,SAN AGUSTIN,2554,1428,751
120130,JUNIN,HUANCAYO,SAN JERONIMO DE TUNAN,1175,847,238
120132,JUNIN,HUANCAYO,SANO,389,664,379
120133,JUNIN,HUANCAYO,SAPALLANGA,1441,1839,1377
120134,JUNIN,HUANCAYO,SICAYA,904,2009,2205
120135,JUNIN,HUANCAYO,SANTO DOMINGO DE ACOBAMBA,85,625,1703
120136,JUNIN,HUANCAYO,VIQUES,119,263,157
120201,JUNIN,CONCEPCION,CONCEPCION,1875,878,464
120202,JUNIN,CONCEPCION,ACO,69,343,194
120203,JUNIN,CONCEPCION,ANDAMARCA,33,298,1028
120204,JUNIN,CONCEPCION,CHAMBARA,82,652,259
120205,JUNIN,CONCEPCION,COCHAS,23,457,245
120206,JUNIN,CONCEPCION,COMAS,118,487,1458
120207,JUNIN,CONCEPCION,HEROINAS TOLEDO,39,246,77
120208,JUNIN,CONCEPCION,MANZANARES,117,308,127
120209,JUNIN,CONCEPCION,MARISCAL CASTILLA,18,289,299
120210,JUNIN,CONCEPCION,MATAHUASI,128,469,323
120211,JUNIN,CONCEPCION,MITO,54,219,86
120212,JUNIN,CONCEPCION,NUEVE DE JULIO,103,302,169
120213,JUNIN,CONCEPCION,ORCOTUNA,373,565,286
120214,JUNIN,CONCEPCION,SAN JOSE DE QUERO,237,721,325
120215,JUNIN,CONCEPCION,SANTA ROSA DE OCOPA,162,345,96
120301,JUNIN,CHANCHAMAYO,CHANCHAMAYO,3767,2863,3496
120302,JUNIN,CHANCHAMAYO,PERENE,2972,5160,9871
120303,JUNIN,CHANCHAMAYO,PICHANAQUI,2238,3687,12791
120304,JUNIN,CHANCHAMAYO,SAN LUIS DE SHUARO,266,858,951
120305,JUNIN,CHANCHAMAYO,SAN RAMON,4068,3698,4427
120306,JUNIN,CHANCHAMAYO,VITOC,115,288,95
120401,JUNIN,JAUJA,JAUJA,1278,1443,616
120402,JUNIN,JAUJA,ACOLLA,204,1077,397
120403,JUNIN,JAUJA,APATA,151,866,582
120404,JUNIN,JAUJA,ATAURA,132,185,32
120405,JUNIN,JAUJA,CANCHAYLLO,175,177,104
120406,JUNIN,JAUJA,CURICACA,78,127,265
120407,JUNIN,JAUJA,EL MANTARO,181,287,141
120408,JUNIN,JAUJA,HUAMALI,146,237,63
120409,JUNIN,JAUJA,HUARIPAMPA,46,211,105
120410,JUNIN,JAUJA,HUERTAS,132,464,200
120411,JUNIN,JAUJA,JANJAILLO,22,111,116
120412,JUNIN,JAUJA,JULCAN,56,190,77
120413,JUNIN,JAUJA,LEONOR ORDONEZ,147,358,116
120414,JUNIN,JAUJA,LLOCLLAPAMPA,133,121,76
120415,JUNIN,JAUJA,MARCO,55,394,164
120416,JUNIN,JAUJA,MASMA,127,446,137
120417,JUNIN,JAUJA,MASMA CHICCHE,24,192,85
120418,JUNIN,JAUJA,MOLINOS,65,262,116
120419,JUNIN,JAUJA,MONOBAMBA,32,219,369
120420,JUNIN,JAUJA,MUQUI,68,208,102
120421,JUNIN,JAUJA,MUQUIYAUYO,104,316,208
120422,JUNIN,JAUJA,PACA,35,245,65
120423,JUNIN,JAUJA,PACCHA,125,268,96
120424,JUNIN,JAUJA,PANCAN,101,431,139
120425,JUNIN,JAUJA,PARCO,35,194,139
120426,JUNIN,JAUJA,POMACANCHA,63,281,136
120427,JUNIN,JAUJA,RICRAN,44,233,158
120428,JUNIN,JAUJA,SAN LORENZO,135,516,135
120429,JUNIN,JAUJA,SAN PEDRO DE CHUNAN,38,98,61
120430,JUNIN,JAUJA,SAUSA,671,332,132
120431,JUNIN,JAUJA,SINCOS,146,810,302
120432,JUNIN,JAUJA,TUNAN MARCA,85,168,117
120433,JUNIN,JAUJA,YAULI,34,257,89
120434,JUNIN,JAUJA,YAUYOS,1110,779,451
120501,JUNIN,JUNIN,JUNIN,788,1271,499
120502,JUNIN,JUNIN,CARHUAMAYO,542,756,522
120503,JUNIN,JUNIN,ONDORES,83,212,233
120504,JUNIN,JUNIN,ULCUMAYO,151,628,1312
120601,JUNIN,SATIPO,SATIPO,2224,4516,6251
120602,JUNIN,SATIPO,COVIRIALI,141,690,632
120603,JUNIN,SATIPO,LLAYLLA,101,1055,806
120604,JUNIN,SATIPO,MAZAMARI,1139,3418,5841
120605,JUNIN,SATIPO,PAMPA HERMOSA,65,473,1039
120606,JUNIN,SATIPO,PANGOA,2437,5926,17310
120607,JUNIN,SATIPO,RIO NEGRO,371,1736,4035
120608,JUNIN,SATIPO,RIO TAMBO,595,750,9744
,JUNIN,SATIPO,VISCATAN DEL ENE,66,220,1394
,JUNIN,SATIPO,MAZAMARI/PANGOA,94,2,579
120701,JUNIN,TARMA,TARMA,6013,5523,2697
120702,JUNIN,TARMA,ACOBAMBA,286,674,1238
120703,JUNIN,TARMA,HUARICOLCA,39,592,274
120704,JUNIN,TARMA,HUASAHUASI,480,1654,881
120705,JUNIN,TARMA,LA UNION,266,430,106
120706,JUNIN,TARMA,PALCA,377,1039,378
120707,JUNIN,TARMA,PALCAMAYO,247,644,325
120708,JUNIN,TARMA,SAN PEDRO DE CAJAS,159,524,686
120709,JUNIN,TARMA,TAPO,128,960,547
120801,JUNIN,YAULI,LA OROYA,2078,804,193
120802,JUNIN,YAULI,CHACAPALPA,38,83,130
120803,JUNIN,YAULI,HUAY-HUAY,119,71,35
120804,JUNIN,YAULI,MARCAPOMACOCHA,68,160,138
120805,JUNIN,YAULI,MOROCOCHA,200,61,10
120806,JUNIN,YAULI,PACCHA,333,71,40
120807,JUNIN,YAULI,SANTA BARBARA DE CARHUACAYAN,133,124,101
120808,JUNIN,YAULI,SANTA ROSA DE SACCO,934,686,186
120809,JUNIN,YAULI,SUITUCANCHA,105,59,76
120810,JUNIN,YAULI,YAULI,201,111,86
120901,JUNIN,CHUPACA,CHUPACA,4123,1772,598
120902,JUNIN,CHUPACA,AHUAC,509,741,363
120903,JUNIN,CHUPACA,CHONGOS BAJO,307,681,218
120904,JUNIN,CHUPACA,HUACHAC,192,346,206
120905,JUNIN,CHUPACA,HUAMANCACA CHICO,547,826,484
120906,JUNIN,CHUPACA,SAN JUAN DE ISCOS,213,425,145
120907,JUNIN,CHUPACA,SAN JUAN DE JARPA,89,576,335
120908,JUNIN,CHUPACA,TRES DE DICIEMBRE,66,456,409
120909,JUNIN,CHUPACA,YANACANCHA,98,405,360
130101,LA LIBERTAD,TRUJILLO,TRUJILLO,115250,226543,108194
130102,LA LIBERTAD,TRUJILLO,EL PORVENIR,12666,20601,5119
130103,LA LIBERTAD,TRUJILLO,FLORENCIA DE MORA,115250,226543,108194
130104,LA LIBERTAD,TRUJILLO,HUANCHACO,6971,9582,3071
130105,LA LIBERTAD,TRUJILLO,LA ESPERANZA,18001,28684,6125
130106,LA LIBERTAD,TRUJILLO,LAREDO,3346,5125,830
130107,LA LIBERTAD,TRUJILLO,MOCHE,4759,2809,473
130108,LA LIBERTAD,TRUJILLO,POROTO,137,531,714
130109,LA LIBERTAD,TRUJILLO,SALAVERRY,2134,3729,764
130110,LA LIBERTAD,TRUJILLO,SIMBAL,162,885,505
130111,LA LIBERTAD,TRUJILLO,VICTOR LARCO HERRERA,5006,4270,373
,LA LIBERTAD,TRUJILLO,ALTO TRUJILLO,5626,13676,4893
130201,LA LIBERTAD,ASCOPE,ASCOPE,553,1137,344
130202,LA LIBERTAD,ASCOPE,CHICAMA,657,2043,762
130203,LA LIBERTAD,ASCOPE,CHOCOPE,554,717,230
130204,LA LIBERTAD,ASCOPE,MAGDALENA DE CAO,121,214,74
130205,LA LIBERTAD,ASCOPE,PAIJAN,1780,5197,1362
130206,LA LIBERTAD,ASCOPE,RAZURI,495,529,120
130207,LA LIBERTAD,ASCOPE,SANTIAGO DE CAO,752,2183,285
130208,LA LIBERTAD,ASCOPE,CASA GRANDE,1654,2818,515
130301,LA LIBERTAD,BOLIVAR,BOLIVAR,65,443,981
130302,LA LIBERTAD,BOLIVAR,BAMBAMARCA,90,641,569
130303,LA LIBERTAD,BOLIVAR,CONDORMARCA,23,326,471
130304,LA LIBERTAD,BOLIVAR,LONGOTEA,48,380,194
130305,LA LIBERTAD,BOLIVAR,UCHUMARCA,4,219,446
130306,LA LIBERTAD,BOLIVAR,UCUNCHA,7,190,139
130401,LA LIBERTAD,CHEPEN,CHEPEN,4652,9014,1679
130402,LA LIBERTAD,CHEPEN,PACANGA,838,3309,1242
130403,LA LIBERTAD,CHEPEN,PUEBLO NUEVO,506,2959,957
130501,LA LIBERTAD,JULCAN,JULCAN,189,1916,1706
130502,LA LIBERTAD,JULCAN,CALAMARCA,128,956,1315
130503,LA LIBERTAD,JULCAN,CARABAMBA,116,1389,840
130504,LA LIBERTAD,JULCAN,HUASO,60,492,1467
130601,LA LIBERTAD,OTUZCO,OTUZCO,908,2654,4009
130602,LA LIBERTAD,OTUZCO,AGALLPAMPA,220,1578,1593
130604,LA LIBERTAD,OTUZCO,CHARAT,42,447,381
130605,LA LIBERTAD,OTUZCO,HUARANCHAL,29,352,1061
130606,LA LIBERTAD,OTUZCO,LA CUESTA,12,88,135
130608,LA LIBERTAD,OTUZCO,MACHE,99,777,246
130610,LA LIBERTAD,OTUZCO,PARANDAY,1,92,74
130611,LA LIBERTAD,OTUZCO,SALPO,160,1169,787
130613,LA LIBERTAD,OTUZCO,SINSICAP,102,1122,1292
130614,LA LIBERTAD,OTUZCO,USQUIL,243,3670,2974
130701,LA LIBERTAD,PACASMAYO,SAN PEDRO DE LLOC,704,2191,753
130702,LA LIBERTAD,PACASMAYO,GUADALUPE,2915,5487,2729
130703,LA LIBERTAD,PACASMAYO,JEQUETEPEQUE,226,685,144
130704,LA LIBERTAD,PACASMAYO,PACASMAYO,1262,4692,1188
130705,LA LIBERTAD,PACASMAYO,SAN JOSE,595,1421,1788
130801,LA LIBERTAD,PATAZ,TAYABAMBA,598,2230,1774
130802,LA LIBERTAD,PATAZ,BULDIBUYO,59,765,354
130803,LA LIBERTAD,PATAZ,CHILLIA,265,2534,1523
130804,LA LIBERTAD,PATAZ,HUANCASPATA,129,1239,627
130805,LA LIBERTAD,PATAZ,HUAYLILLAS,44,227,253
130806,LA LIBERTAD,PATAZ,HUAYO,51,581,596
130807,LA LIBERTAD,PATAZ,ONGON,37,6,643
130808,LA LIBERTAD,PATAZ,PARCOY,1203,1791,907
130809,LA LIBERTAD,PATAZ,PATAZ,377,419,404
130810,LA LIBERTAD,PATAZ,PIAS,95,214,150
130811,LA LIBERTAD,PATAZ,SANTIAGO DE CHALLAS,31,112,702
130812,LA LIBERTAD,PATAZ,TAURIJA,81,671,403
130813,LA LIBERTAD,PATAZ,URPAY,34,248,519
130901,LA LIBERTAD,SANCHEZ CARRION,HUAMACHUCO,7347,6642,6901
130902,LA LIBERTAD,SANCHEZ CARRION,CHUGAY,410,2671,2722
130903,LA LIBERTAD,SANCHEZ CARRION,COCHORCO,188,1433,1384
130904,LA LIBERTAD,SANCHEZ CARRION,CURGOS,150,1387,1245
130905,LA LIBERTAD,SANCHEZ CARRION,MARCABAL,219,1275,3281
130906,LA LIBERTAD,SANCHEZ CARRION,SANAGORAN,172,1262,2171
130907,LA LIBERTAD,SANCHEZ CARRION,SARIN,118,1545,1572
130908,LA LIBERTAD,SANCHEZ CARRION,SARTIMBAMBA,155,1821,3616
131001,LA LIBERTAD,SANTIAGO DE CHUCO,SANTIAGO DE CHUCO,377,2337,4012
131002,LA LIBERTAD,SANTIAGO DE CHUCO,ANGASMARCA,124,1145,643
131003,LA LIBERTAD,SANTIAGO DE CHUCO,CACHICADAN,149,468,1121
131004,LA LIBERTAD,SANTIAGO DE CHUCO,MOLLEBAMBA,36,495,284
131005,LA LIBERTAD,SANTIAGO DE CHUCO,MOLLEPATA,96,545,331
131006,LA LIBERTAD,SANTIAGO DE CHUCO,QUIRUVILCA,278,1374,1359
131007,LA LIBERTAD,SANTIAGO DE CHUCO,SANTA CRUZ DE CHUCA,79,290,913
131008,LA LIBERTAD,SANTIAGO DE CHUCO,SITABAMBA,38,381,821
131101,LA LIBERTAD,GRAN CHIMU,CASCAS,581,2823,866
131102,LA LIBERTAD,GRAN CHIMU,LUCMA,39,750,649
131103,LA LIBERTAD,GRAN CHIMU,MARMOT,64,402,490
131104,LA LIBERTAD,GRAN CHIMU,SAYAPULLO,134,1135,424
131201,LA LIBERTAD,VIRU,VIRU,4782,7672,1980
131202,LA LIBERTAD,VIRU,CHAO,2354,9604,2734
131203,LA LIBERTAD,VIRU,GUADALUPITO,349,1127,710
140101,LAMBAYEQUE,CHICLAYO,CHICLAYO,60382,152879,67833
140102,LAMBAYEQUE,CHICLAYO,CHONGOYAPE,60382,152879,67833
140103,LAMBAYEQUE,CHICLAYO,ETEN,582,1495,371
140104,LAMBAYEQUE,CHICLAYO,ETEN PUERTO,242,415,17
140105,LAMBAYEQUE,CHICLAYO,JOSE LEONARDO ORTIZ,8741,26208,5146
140106,LAMBAYEQUE,CHICLAYO,LA VICTORIA,3542,11043,1040
140107,LAMBAYEQUE,CHICLAYO,LAGUNAS,395,1483,1206
140108,LAMBAYEQUE,CHICLAYO,MONSEFU,2222,5619,2741
140109,LAMBAYEQUE,CHICLAYO,NUEVA ARICA,175,458,198
140110,LAMBAYEQUE,CHICLAYO,OYOTUN,271,1197,1465
140111,LAMBAYEQUE,CHICLAYO,PICSI,344,1596,728
140112,LAMBAYEQUE,CHICLAYO,PIMENTEL,3597,4912,750
140113,LAMBAYEQUE,CHICLAYO,REQUE,782,1558,764
140114,LAMBAYEQUE,CHICLAYO,SANTA ROSA,1089,1704,649
140115,LAMBAYEQUE,CHICLAYO,SANA,360,1647,1413
140116,LAMBAYEQUE,CHICLAYO,CAYALTI,371,1258,400
140117,LAMBAYEQUE,CHICLAYO,PATAPO,240,1383,514
140118,LAMBAYEQUE,CHICLAYO,POMALCA,2779,4180,708
140119,LAMBAYEQUE,CHICLAYO,PUCALA,471,1429,395
140120,LAMBAYEQUE,CHICLAYO,TUMAN,3006,3606,515
140201,LAMBAYEQUE,FERRENAFE,FERRENAFE,3968,5437,542
140202,LAMBAYEQUE,FERRENAFE,CANARIS,179,1541,2441
140203,LAMBAYEQUE,FERRENAFE,INCAHUASI,278,1560,2347
140204,LAMBAYEQUE,FERRENAFE,MANUEL ANTONIO MESONES MURO,181,678,601
140205,LAMBAYEQUE,FERRENAFE,PITIPO,993,3022,1907
140206,LAMBAYEQUE,FERRENAFE,PUEBLO NUEVO,1280,3767,945
140301,LAMBAYEQUE,LAMBAYEQUE,LAMBAYEQUE,14261,42092,32982
140302,LAMBAYEQUE,LAMBAYEQUE,CHOCHOPE,121,399,154
140303,LAMBAYEQUE,LAMBAYEQUE,ILLIMO,300,1609,1066
140304,LAMBAYEQUE,LAMBAYEQUE,JAYANCA,1096,3180,845
140305,LAMBAYEQUE,LAMBAYEQUE,MOCHUMI,780,3049,2439
140306,LAMBAYEQUE,LAMBAYEQUE,MORROPE,1473,5635,4503
140307,LAMBAYEQUE,LAMBAYEQUE,MOTUPE,820,4022,4169
140308,LAMBAYEQUE,LAMBAYEQUE,OLMOS,2009,6640,5385
140309,LAMBAYEQUE,LAMBAYEQUE,PACORA,349,2118,892
140310,LAMBAYEQUE,LAMBAYEQUE,SALAS,268,1114,3687
140311,LAMBAYEQUE,LAMBAYEQUE,SAN JOSE,406,2646,1764
140312,LAMBAYEQUE,LAMBAYEQUE,TUCUME,754,2546,2985
150101,LIMA,LIMA,LIMA,27859,33289,2899
150102,LIMA,LIMA,ANCON,4375,11272,2514
150103,LIMA,LIMA,ATE,35169,64437,13102
150104,LIMA,LIMA,BARRANCO,617071,1116683,243014
150105,LIMA,LIMA,BRENA,3132,2731,1059
150106,LIMA,LIMA,CARABAYLLO,17139,50463,14171
150107,LIMA,LIMA,CHACLACAYO,1868,6703,984
150108,LIMA,LIMA,CHORRILLOS,617071,1116683,243014
150109,LIMA,LIMA,CIENEGUILLA,2035,8489,3391
150110,LIMA,LIMA,COMAS,37647,70326,13150
150111,LIMA,LIMA,EL AGUSTINO,11140,27480,4609
150112,LIMA,LIMA,INDEPENDENCIA,18589,36763,9491
150113,LIMA,LIMA,JESUS MARIA,617071,1116683,243014
150114,LIMA,LIMA,LA MOLINA,2791,2246,294
150115,LIMA,LIMA,LA VICTORIA,14479,14319,1681
150116,LIMA,LIMA,LINCE,1270,663,116
150117,LIMA,LIMA,LOS OLIVOS,27710,18069,2009
150118,LIMA,LIMA,LURIGANCHO,7513,31663,14796
150119,LIMA,LIMA,LURIN,3583,19295,4001
150120,LIMA,LIMA,MAGDALENA DEL MAR,415,1072,259
150121,LIMA,LIMA,PUEBLO LIBRE,1169,675,151
150122,LIMA,LIMA,MIRAFLORES,703,370,54
150123,LIMA,LIMA,PACHACAMAC,8827,22844,6759
150124,LIMA,LIMA,PUCUSANA,603,4346,1418
150125,LIMA,LIMA,PUENTE PIEDRA,28985,60676,10585
150126,LIMA,LIMA,PUNTA HERMOSA,856,1527,576
150127,LIMA,LIMA,PUNTA NEGRA,319,1826,392
150128,LIMA,LIMA,RIMAC,12636,22197,6099
150129,LIMA,LIMA,SAN BARTOLO,978,1105,171
150130,LIMA,LIMA,SAN BORJA,1670,400,113
150131,LIMA,LIMA,SAN ISIDRO,400,346,26
150132,LIMA,LIMA,SAN JUAN DE LURIGANCHO,62244,155398,34527
150133,LIMA,LIMA,SAN JUAN DE MIRAFLORES,21566,39791,8722
150134,LIMA,LIMA,SAN LUIS,4492,2738,353
150135,LIMA,LIMA,SAN MARTIN DE PORRES,63372,60336,5996
150136,LIMA,LIMA,SAN MIGUEL,1182,1024,155
150137,LIMA,LIMA,SANTA ANITA,21214,32023,1833
150138,LIMA,LIMA,SANTA MARIA DEL MAR,186,98,4
150139,LIMA,LIMA,SANTA ROSA,1376,5887,2282
150140,LIMA,LIMA,SANTIAGO DE SURCO,8283,5951,1138
150141,LIMA,LIMA,SURQUILLO,5135,3966,869
150142,LIMA,LIMA,VILLA EL SALVADOR,33851,62093,6706
150143,LIMA,LIMA,VILLA MARIA DEL TRIUNFO,21788,54880,14577
150201,LIMA,BARRANCA,BARRANCA,7093,13468,1988
150202,LIMA,BARRANCA,PARAMONGA,3823,3281,356
150203,LIMA,BARRANCA,PATIVILCA,678,2482,963
150204,LIMA,BARRANCA,SUPE,3331,4321,1775
150205,LIMA,BARRANCA,SUPE PUERTO,1861,2869,371
150301,LIMA,CAJATAMBO,CAJATAMBO,131,406,189
150302,LIMA,CAJATAMBO,COPA,22,175,164
150303,LIMA,CAJATAMBO,GORGOR,25,300,236
150304,LIMA,CAJATAMBO,HUANCAPON,19,219,109
150305,LIMA,CAJATAMBO,MANAS,26,104,318
150401,LIMA,CANTA,CANTA,149,255,214
150402,LIMA,CANTA,ARAHUAY,54,47,61
150403,LIMA,CANTA,HUAMANTANGA,27,113,102
150404,LIMA,CANTA,HUAROS,39,119,84
150405,LIMA,CANTA,LACHAQUI,17,98,119
150406,LIMA,CANTA,SAN BUENAVENTURA,26,95,24
150407,LIMA,CANTA,SANTA ROSA DE QUIVES,678,508,512
150501,LIMA,CANETE,SAN VICENTE DE CANETE,6635,7845,1452
150502,LIMA,CANETE,ASIA,977,1141,430
150503,LIMA,CANETE,CALANGO,212,203,235
150504,LIMA,CANETE,CERRO AZUL,816,952,210
150505,LIMA,CANETE,CHILCA,1408,3461,563
150506,LIMA,CANETE,COAYLLO,115,106,112
150507,LIMA,CANETE,IMPERIAL,3392,10227,1300
150508,LIMA,CANETE,LUNAHUANA,370,527,218
150509,LIMA,CANETE,MALA,4375,4098,418
150510,LIMA,CANETE,NUEVO IMPERIAL,1230,3490,3556
150511,LIMA,CANETE,PACARAN,170,131,171
150512,LIMA,CANETE,QUILMANA,1726,3500,926
150513,LIMA,CANETE,SAN ANTONIO,400,585,94
150514,LIMA,CANETE,SAN LUIS,1622,1784,294
150515,LIMA,CANETE,SANTA CRUZ DE FLORES,288,105,58
150516,LIMA,CANETE,ZUNIGA,123,154,244
150601,LIMA,HUARAL,HUARAL,6778,18293,4423
150602,LIMA,HUARAL,ATAVILLOS ALTO,16,94,66
150603,LIMA,HUARAL,ATAVILLOS BAJO,42,126,122
150604,LIMA,HUARAL,AUCALLAMA,2156,2128,1212
150605,LIMA,HUARAL,CHANCAY,7373,8207,1555
150606,LIMA,HUARAL,IHUARI,30,174,664
150607,LIMA,HUARAL,LAMPIAN,6,104,90
150608,LIMA,HUARAL,PACARAOS,23,117,85
150609,LIMA,HUARAL,SAN MIGUEL DE ACOS,38,69,89
150610,LIMA,HUARAL,SANTA CRUZ DE ANDAMARCA,26,58,52
150611,LIMA,HUARAL,SUMBILCA,20,134,164
150612,LIMA,HUARAL,VEINTISIETE DE NOVIEMBRE,17,73,85
150701,LIMA,HUAROCHIRI,MATUCANA,238,243,492
150702,LIMA,HUAROCHIRI,ANTIOQUIA,28,49,185
150703,LIMA,HUAROCHIRI,CALLAHUANCA,74,51,77
150704,LIMA,HUAROCHIRI,CARAMPOMA,17,68,69
150705,LIMA,HUAROCHIRI,CHICLA,183,86,44
150706,LIMA,HUAROCHIRI,CUENCA,12,64,59
150707,LIMA,HUAROCHIRI,HUACHUPAMPA,6,68,128
150708,LIMA,HUAROCHIRI,HUANZA,11,109,77
150709,LIMA,HUAROCHIRI,HUAROCHIRI,59,184,50
150710,LIMA,HUAROCHIRI,LAHUAYTAMBO,8,89,44
150711,LIMA,HUAROCHIRI,LANGA,10,181,80
,LIMA,HUAROCHIRI,LARAOS,11,69,40
150713,LIMA,HUAROCHIRI,MARIATANA,103,178,148
150714,LIMA,HUAROCHIRI,RICARDO PALMA,417,981,207
150715,LIMA,HUAROCHIRI,SAN ANDRES DE TUPICOCHA,18,171,206
150716,LIMA,HUAROCHIRI,SAN ANTONIO,3650,4040,3352
150717,LIMA,HUAROCHIRI,SAN BARTOLOME,70,115,167
150718,LIMA,HUAROCHIRI,SAN DAMIAN,32,294,91
150719,LIMA,HUAROCHIRI,SAN JUAN DE IRIS,4,51,28
150720,LIMA,HUAROCHIRI,SAN JUAN DE TANTARANCHE,11,62,10
150721,LIMA,HUAROCHIRI,SAN LORENZO DE QUINTI,14,134,313
150722,LIMA,HUAROCHIRI,SAN MATEO,348,545,216
150723,LIMA,HUAROCHIRI,SAN MATEO DE OTAO,103,222,239
150724,LIMA,HUAROCHIRI,SAN PEDRO DE CASTA,29,48,250
150725,LIMA,HUAROCHIRI,SAN PEDRO DE HUANCAYRE,1,55,12
150726,LIMA,HUAROCHIRI,SANGALLAYA,19,89,91
150727,LIMA,HUAROCHIRI,SANTA CRUZ DE COCACHACRA,228,232,241
150728,LIMA,HUAROCHIRI,SANTA EULALIA,561,2411,302
150729,LIMA,HUAROCHIRI,SANTIAGO DE ANCHUCAYA,6,46,139
150730,LIMA,HUAROCHIRI,SANTIAGO DE TUNA,12,131,47
150731,LIMA,HUAROCHIRI,SANTO DOMINGO DE LOS OLLEROS,434,427,195
150732,LIMA,HUAROCHIRI,SURCO,50,195,468
150801,LIMA,HUAURA,HUACHO,5691,7578,393
150802,LIMA,HUAURA,AMBAR,39,241,392
150803,LIMA,HUAURA,CALETA DE CARQUIN,855,1077,152
150804,LIMA,HUAURA,CHECRAS,24,153,191
150805,LIMA,HUAURA,HUALMAY,4445,5642,184
150806,LIMA,HUAURA,HUAURA,2141,6871,872
150807,LIMA,HUAURA,LEONCIO PRADO,144,253,245
150808,LIMA,HUAURA,PACCHO,16,237,201
150809,LIMA,HUAURA,SANTA LEONOR,30,58,113
150810,LIMA,HUAURA,SANTA MARIA,2642,8039,1008
150811,LIMA,HUAURA,SAYAN,1471,2884,1559
150812,LIMA,HUAURA,VEGUETA,893,2904,2056
150901,LIMA,OYON,OYON,214,698,938
150902,LIMA,OYON,ANDAJES,13,49,53
150903,LIMA,OYON,CAUJUL,28,144,15
150904,LIMA,OYON,COCHAMARCA,10,294,103
150905,LIMA,OYON,NAVAN,13,193,124
150906,LIMA,OYON,PACHANGARA,320,265,261
151001,LIMA,YAUYOS,YAUYOS,79,220,63
151002,LIMA,YAUYOS,ALIS,11,8,51
151003,LIMA,YAUYOS,ALLAUCA,76,228,216
151004,LIMA,YAUYOS,AYAVIRI,20,140,30
151005,LIMA,YAUYOS,AZANGARO,14,99,81
151006,LIMA,YAUYOS,CACRA,24,71,113
151007,LIMA,YAUYOS,CARANIA,5,50,18
151008,LIMA,YAUYOS,CATAHUASI,78,133,299
151009,LIMA,YAUYOS,CHOCOS,25,110,275
151010,LIMA,YAUYOS,COCHAS,25,31,20
151011,LIMA,YAUYOS,COLONIA,33,186,449
151012,LIMA,YAUYOS,HONGOS,7,122,44
151013,LIMA,YAUYOS,HUAMPARA,15,40,2
151014,LIMA,YAUYOS,HUANCAYA,18,57,48
151015,LIMA,YAUYOS,HUANGASCAR,24,104,94
151016,LIMA,YAUYOS,HUANTAN,43,119,39
151017,LIMA,YAUYOS,HUANEC,2,40,51
151018,LIMA,YAUYOS,LARAOS,23,98,69
151019,LIMA,YAUYOS,LINCHA,22,159,104
151020,LIMA,YAUYOS,MADEAN,12,165,154
151021,LIMA,YAUYOS,MIRAFLORES,26,72,9
151022,LIMA,YAUYOS,OMAS,32,89,95
151023,LIMA,YAUYOS,PUTINZA,27,62,128
151024,LIMA,YAUYOS,QUINCHES,8,187,42
151025,LIMA,YAUYOS,QUINOCAY,62,90,40
151026,LIMA,YAUYOS,SAN JOAQUIN,10,25,9
151027,LIMA,YAUYOS,SAN PEDRO DE PILAS,12,59,82
151028,LIMA,YAUYOS,TANTA,26,62,26
151029,LIMA,YAUYOS,TAURIPAMPA,18,161,55
151030,LIMA,YAUYOS,TOMAS,28,79,124
151031,LIMA,YAUYOS,TUPE,19,53,129
151032,LIMA,YAUYOS,VINAC,33,241,361
151033,LIMA,YAUYOS,VITIS,8,51,39
160101,LORETO,MAYNAS,IQUITOS,31155,47377,176135
160102,LORETO,MAYNAS,ALTO NANAY,31155,47377,176135
160103,LORETO,MAYNAS,FERNANDO LORES,81,436,3471
160104,LORETO,MAYNAS,INDIANA,52,451,2736
160105,LORETO,MAYNAS,LAS AMAZONAS,60,152,2433
160106,LORETO,MAYNAS,MAZAN,185,447,3862
160107,LORETO,MAYNAS,NAPO,111,348,3447
160108,LORETO,MAYNAS,PUNCHANA,2412,4980,10055
160110,LORETO,MAYNAS,TORRES CAUSANA,44,23,1536
160112,LORETO,MAYNAS,BELEN,2738,5264,12862
160113,LORETO,MAYNAS,SAN JUAN BAUTISTA,11547,11044,13972
160201,LORETO,ALTO AMAZONAS,YURIMAGUAS,4642,4755,18110
160202,LORETO,ALTO AMAZONAS,BALSAPUERTO,251,5707,840
160205,LORETO,ALTO AMAZONAS,JEBEROS,18,81,1327
160206,LORETO,ALTO AMAZONAS,LAGUNAS,181,95,4533
160210,LORETO,ALTO AMAZONAS,SANTA CRUZ,38,16,1236
160211,LORETO,ALTO AMAZONAS,TENIENTE CESAR LOPEZ ROJAS,33,881,988
160301,LORETO,LORETO,NAUTA,454,1579,5091
160302,LORETO,LORETO,PARINARI,39,136,1683
160303,LORETO,LORETO,TIGRE,83,2929,202
160304,LORETO,LORETO,TROMPETEROS,116,26,2408
160305,LORETO,LORETO,URARINAS,120,83,4862
160401,LORETO,MARISCAL RAMON CASTILLA,RAMON CASTILLA,602,916,6092
160402,LORETO,MARISCAL RAMON CASTILLA,PEBAS,97,771,3189
160403,LORETO,MARISCAL RAMON CASTILLA,YAVARI,109,1171,2404
160404,LORETO,MARISCAL RAMON CASTILLA,SAN PABLO,113,815,3500
160501,LORETO,REQUENA,REQUENA,1241,2001,6232
160502,LORETO,REQUENA,ALTO TAPICHE,5,40,313
160503,LORETO,REQUENA,CAPELO,22,298,921
160504,LORETO,REQUENA,EMILIO SAN MARTIN,13,51,1433
160505,LORETO,REQUENA,MAQUIA,24,146,2293
160506,LORETO,REQUENA,PUINAHUA,80,94,1964
160507,LORETO,REQUENA,SAQUENA,19,56,1005
160508,LORETO,REQUENA,SOPLIN,2,200,2
160509,LORETO,REQUENA,TAPICHE,5,194,148
160510,LORETO,REQUENA,JENARO HERRERA,9,149,1151
160511,LORETO,REQUENA,YAQUERANA,70,101,850
160601,LORETO,UCAYALI,CONTAMANA,301,263,5943
160602,LORETO,UCAYALI,INAHUAYA,9,21,539
160603,LORETO,UCAYALI,PADRE MARQUEZ,36,245,1163
160604,LORETO,UCAYALI,PAMPA HERMOSA,100,580,2084
160605,LORETO,UCAYALI,SARAYACU,86,1356,2552
160606,LORETO,UCAYALI,VARGAS GUERRA,106,474,1855
160701,LORETO,DATEM DEL MARANON,BARRANCA,250,415,3732
160702,LORETO,DATEM DEL MARANON,CAHUAPANAS,104,2883,310
160703,LORETO,DATEM DEL MARANON,MANSERICHE,202,293,3111
160704,LORETO,DATEM DEL MARANON,MORONA,180,161,3013
160705,LORETO,DATEM DEL MARANON,PASTAZA,87,41,1932
160706,LORETO,DATEM DEL MARANON,ANDOAS,174,3694,470
160801,LORETO,PUTUMAYO,PUTUMAYO,144,127,1060
160802,LORETO,PUTUMAYO,ROSA PANDURO,11,224,15
160803,LORETO,PUTUMAYO,TENIENTE MANUEL CLAVERO,58,170,932
160804,LORETO,PUTUMAYO,YAGUAS,37,498,79
170101,MADRE DE DIOS,TAMBOPATA,TAMBOPATA,6980,10675,5428
170102,MADRE DE DIOS,TAMBOPATA,INAMBARI,1440,1456,1089
170103,MADRE DE DIOS,TAMBOPATA,LAS PIEDRAS,1582,1460,841
170104,MADRE DE DIOS,TAMBOPATA,LABERINTO,526,707,494
170201,MADRE DE DIOS,MANU,MANU,268,564,601
170202,MADRE DE DIOS,MANU,FITZCARRALD,67,14,429
170203,MADRE DE DIOS,MANU,MADRE DE DIOS,529,885,955
170204,MADRE DE DIOS,MANU,HUEPETUHE,728,596,397
170301,MADRE DE DIOS,TAHUAMANU,INAPARI,32,243,112
170302,MADRE DE DIOS,TAHUAMANU,IBERIA,456,727,503
170303,MADRE DE DIOS,TAHUAMANU,TAHUAMANU,416,426,187
180101,MOQUEGUA,MARISCAL NIETO,MOQUEGUA,8597,4408,618
180102,MOQUEGUA,MARISCAL NIETO,CARUMAS,20,242,105
180103,MOQUEGUA,MARISCAL NIETO,CUCHUMBAYA,47,97,114
180104,MOQUEGUA,MARISCAL NIETO,SAMEGUA,997,1251,162
180105,MOQUEGUA,MARISCAL NIETO,SAN CRISTOBAL,129,161,313
180106,MOQUEGUA,MARISCAL NIETO,TORATA,413,582,507
,MOQUEGUA,MARISCAL NIETO,SAN ANTONIO,2556,3706,395
180201,MOQUEGUA,GENERAL SANCHEZ CERRO,OMATE,177,128,68
180202,MOQUEGUA,GENERAL SANCHEZ CERRO,CHOJATA,34,126,111
180203,MOQUEGUA,GENERAL SANCHEZ CERRO,COALAQUE,89,149,47
180204,MOQUEGUA,GENERAL SANCHEZ CERRO,ICHUNA,199,423,477
180205,MOQUEGUA,GENERAL SANCHEZ CERRO,LA CAPILLA,54,79,132
180206,MOQUEGUA,GENERAL SANCHEZ CERRO,LLOQUE,24,117,85
180207,MOQUEGUA,GENERAL SANCHEZ CERRO,MATALAQUE,37,90,126
180208,MOQUEGUA,GENERAL SANCHEZ CERRO,PUQUINA,123,407,526
180209,MOQUEGUA,GENERAL SANCHEZ CERRO,QUINISTAQUILLAS,42,37,15
180210,MOQUEGUA,GENERAL SANCHEZ CERRO,UBINAS,132,462,377
180211,MOQUEGUA,GENERAL SANCHEZ CERRO,YUNGA,40,173,92
180301,MOQUEGUA,ILO,ILO,10217,8981,376
180302,MOQUEGUA,ILO,EL ALGARROBAL,494,1276,79
180303,MOQUEGUA,ILO,PACOCHA,383,45,1
190101,PASCO,PASCO,CHAUPIMARCA,2710,2701,1624
190102,PASCO,PASCO,HUACHON,331,602,419
190103,PASCO,PASCO,HUARIACA,255,805,1178
190104,PASCO,PASCO,HUAYLLAY,703,513,375
190105,PASCO,PASCO,NINACACA,374,621,323
190106,PASCO,PASCO,PALLANCHACRA,136,384,262
190107,PASCO,PASCO,PAUCARTAMBO,1049,1995,1351
190108,PASCO,PASCO,SAN FRANCISCO DE ASIS DE YARUSYACAN,980,1002,340
190109,PASCO,PASCO,SIMON BOLIVAR,2166,705,195
190110,PASCO,PASCO,TICLACAYAN,334,561,675
190111,PASCO,PASCO,TINYAHUARCO,554,245,149
190112,PASCO,PASCO,VICCO,286,244,423
190113,PASCO,PASCO,YANACANCHA,1909,1042,449
190201,PASCO,DANIEL ALCIDES CARRION,YANAHUANCA,653,2131,2157
190202,PASCO,DANIEL ALCIDES CARRION,CHACAYAN,98,219,629
190203,PASCO,DANIEL ALCIDES CARRION,GOYLLARISQUIZGA,51,138,108
190204,PASCO,DANIEL ALCIDES CARRION,PAUCAR,55,347,535
190205,PASCO,DANIEL ALCIDES CARRION,SAN PEDRO DE PILLAO,85,283,163
190206,PASCO,DANIEL ALCIDES CARRION,SANTA ANA DE TUSI,366,999,1329
190207,PASCO,DANIEL ALCIDES CARRION,TAPUC,75,310,494
190208,PASCO,DANIEL ALCIDES CARRION,VILCABAMBA,57,221,280
190301,PASCO,OXAPAMPA,OXAPAMPA,2388,1370,1054
190302,PASCO,OXAPAMPA,CHONTABAMBA,783,597,366
190303,PASCO,OXAPAMPA,HUANCABAMBA,425,1618,461
190304,PASCO,OXAPAMPA,PALCAZU,325,307,2932
190305,PASCO,OXAPAMPA,POZUZO,152,736,632
190306,PASCO,OXAPAMPA,PUERTO BERMUDEZ,559,651,5249
190307,PASCO,OXAPAMPA,VILLA RICA,1320,1431,2812
190308,PASCO,OXAPAMPA,CONSTITUCION,422,1041,4139
200101,PIURA,PIURA,PIURA,93313,236353,196035
200104,PIURA,PIURA,CASTILLA,12331,18605,8274
200105,PIURA,PIURA,CATACAOS,93313,236353,196035
200107,PIURA,PIURA,CURA MORI,404,1705,3543
200108,PIURA,PIURA,EL TALLAN,93313,236353,196035
200109,PIURA,PIURA,LA ARENA,873,4898,10111
200110,PIURA,PIURA,LA UNION,916,4655,7555
200111,PIURA,PIURA,LAS LOMAS,575,3227,5450
200114,PIURA,PIURA,TAMBO GRANDE,4892,14188,13298
200115,PIURA,PIURA,VEINTISEIS DE OCTUBRE,8018,24865,13502
200201,PIURA,AYABACA,AYABACA,458,3513,6304
200202,PIURA,AYABACA,FRIAS,203,2933,3360
200203,PIURA,AYABACA,JILILI,43,249,630
200204,PIURA,AYABACA,LAGUNAS,71,650,1260
200205,PIURA,AYABACA,MONTERO,123,375,1602
200206,PIURA,AYABACA,PACAIPAMPA,285,1714,5201
200207,PIURA,AYABACA,PAIMAS,299,1990,1833
200208,PIURA,AYABACA,SAPILLICA,118,538,3430
200209,PIURA,AYABACA,SICCHEZ,18,171,432
200210,PIURA,AYABACA,SUYO,271,2088,1860
200301,PIURA,HUANCABAMBA,HUANCABAMBA,694,2614,6162
200302,PIURA,HUANCABAMBA,CANCHAQUE,154,238,2193
200303,PIURA,HUANCABAMBA,EL CARMEN DE LA FRONTERA,109,1476,2450
200304,PIURA,HUANCABAMBA,HUARMACA,579,4655,6694
200305,PIURA,HUANCABAMBA,LALAQUIZ,38,695,654
200306,PIURA,HUANCABAMBA,SAN MIGUEL DE EL FAIQUE,123,1622,1447
200307,PIURA,HUANCABAMBA,SONDOR,119,959,1534
200308,PIURA,HUANCABAMBA,SONDORILLO,161,1389,2383
200401,PIURA,MORROPON,CHULUCANAS,3694,11744,12039
200402,PIURA,MORROPON,BUENOS AIRES,207,1745,1320
200403,PIURA,MORROPON,CHALACO,133,1543,1130
200404,PIURA,MORROPON,LA MATANZA,516,2089,3560
200405,PIURA,MORROPON,MORROPON,356,1212,4071
200406,PIURA,MORROPON,SALITRAL,150,1610,1503
200407,PIURA,MORROPON,SAN JUAN DE BIGOTE,183,1211,1185
200408,PIURA,MORROPON,SANTA CATALINA DE MOSSA,51,629,785
200409,PIURA,MORROPON,SANTO DOMINGO,134,658,1487
200410,PIURA,MORROPON,YAMANGO,100,246,2315
200501,PIURA,PAITA,PAITA,8015,12277,5023
200502,PIURA,PAITA,AMOTAPE,189,305,260
200503,PIURA,PAITA,ARENAL,100,167,103
200504,PIURA,PAITA,COLAN,526,2321,1778
200505,PIURA,PAITA,LA HUACA,823,1904,865
200506,PIURA,PAITA,TAMARINDO,165,566,873
200507,PIURA,PAITA,VICHAYAL,220,1041,502
200601,PIURA,SULLANA,SULLANA,13153,21104,7262
200602,PIURA,SULLANA,BELLAVISTA,2928,6231,2196
200603,PIURA,SULLANA,IGNACIO ESCUDERO,396,3481,1568
200604,PIURA,SULLANA,LANCONES,281,1113,2984
200605,PIURA,SULLANA,MARCAVELICA,1471,4015,2209
200606,PIURA,SULLANA,MIGUEL CHECA,305,1756,570
200607,PIURA,SULLANA,QUERECOTILLO,690,4044,1001
200608,PIURA,SULLANA,SALITRAL,563,1138,219
200701,PIURA,TALARA,PARINAS,10899,10696,2987
200702,PIURA,TALARA,EL ALTO,622,1050,487
200703,PIURA,TALARA,LA BREA,506,1041,324
200704,PIURA,TALARA,LOBITOS,183,86,66
200705,PIURA,TALARA,LOS ORGANOS,1134,1459,322
200706,PIURA,TALARA,MANCORA,746,1990,422
200801,PIURA,SECHURA,SECHURA,3476,7552,5518
200802,PIURA,SECHURA,BELLAVISTA DE LA UNION,282,633,292
200803,PIURA,SECHURA,BERNAL,173,1315,633
200804,PIURA,SECHURA,CRISTO NOS VALGA,162,786,549
200805,PIURA,SECHURA,VICE,673,2850,1299
200806,PIURA,SECHURA,RINCONADA LLICUAR,70,507,349
210101,PUNO,PUNO,PUNO,70424,126447,163277
210102,PUNO,PUNO,ACORA,70424,126447,163277
210103,PUNO,PUNO,AMANTANI,47,634,658
210104,PUNO,PUNO,ATUNCOLLA,70424,126447,163277
210105,PUNO,PUNO,CAPACHICA,175,1385,1192
210106,PUNO,PUNO,CHUCUITO,227,820,1415
210107,PUNO,PUNO,COATA,248,1005,1352
210108,PUNO,PUNO,HUATA,106,405,812
210109,PUNO,PUNO,MANAZO,293,783,735
210110,PUNO,PUNO,PAUCARCOLLA,175,801,1041
210111,PUNO,PUNO,PICHACANI,314,483,1661
210112,PUNO,PUNO,PLATERIA,271,1049,1591
210113,PUNO,PUNO,SAN ANTONIO,23,87,351
210114,PUNO,PUNO,TIQUILLACA,77,244,469
210115,PUNO,PUNO,VILQUE,261,378,645
210201,PUNO,AZANGARO,AZANGARO,2124,3501,8773
210202,PUNO,AZANGARO,ACHAYA,63,149,1304
210203,PUNO,AZANGARO,ARAPA,203,664,2385
210204,PUNO,AZANGARO,ASILLO,444,773,4788
210205,PUNO,AZANGARO,CAMINACA,45,702,692
210206,PUNO,AZANGARO,CHUPA,349,647,1972
210207,PUNO,AZANGARO,JOSE DOMINGO CHOQUEHUANCA,101,408,931
210208,PUNO,AZANGARO,MUNANI,202,703,1687
210209,PUNO,AZANGARO,POTONI,166,126,1642
210210,PUNO,AZANGARO,SAMAN,123,1098,2348
210211,PUNO,AZANGARO,SAN ANTON,201,1074,1348
210212,PUNO,AZANGARO,SAN JOSE,155,801,855
210213,PUNO,AZANGARO,SAN JUAN DE SALINAS,117,607,806
210214,PUNO,AZANGARO,SANTIAGO DE PUPUJA,143,532,1330
210215,PUNO,AZANGARO,TIRAPATA,98,346,642
210301,PUNO,CARABAYA,MACUSANI,433,1593,2473
210302,PUNO,CARABAYA,AJOYANI,140,332,271
210303,PUNO,CARABAYA,AYAPATA,268,969,1016
210304,PUNO,CARABAYA,COASA,298,1029,792
210305,PUNO,CARABAYA,CORANI,73,624,886
210306,PUNO,CARABAYA,CRUCERO,294,1250,1291
210307,PUNO,CARABAYA,ITUATA,104,572,921
210308,PUNO,CARABAYA,OLLACHEA,179,507,844
210309,PUNO,CARABAYA,SAN GABAN,496,851,399
210310,PUNO,CARABAYA,USICAYOS,156,642,948
210401,PUNO,CHUCUITO,JULI,1161,3132,2904
210402,PUNO,CHUCUITO,DESAGUADERO,631,1202,1419
210403,PUNO,CHUCUITO,HUACULLANI,140,295,1832
210404,PUNO,CHUCUITO,KELLUYO,170,566,1412
210405,PUNO,CHUCUITO,PISACOMA,97,393,890
210406,PUNO,CHUCUITO,POMATA,240,1520,2879
210407,PUNO,CHUCUITO,ZEPITA,340,1357,3962
210501,PUNO,EL COLLAO,ILAVE,2706,7950,7853
210502,PUNO,EL COLLAO,CAPAZO,35,121,312
210503,PUNO,EL COLLAO,PILCUYO,379,1388,2365
210504,PUNO,EL COLLAO,SANTA ROSA,104,505,918
210505,PUNO,EL COLLAO,CONDURIRI,100,348,870
210601,PUNO,HUANCANE,HUANCANE,1029,3098,4351
210602,PUNO,HUANCANE,COJATA,91,219,1118
210603,PUNO,HUANCANE,HUATASANI,61,288,655
210604,PUNO,HUANCANE,INCHUPALLA,32,246,875
210605,PUNO,HUANCANE,PUSI,120,869,1051
210606,PUNO,HUANCANE,ROSASPATA,87,169,1678
210607,PUNO,HUANCANE,TARACO,341,2110,1828
210608,PUNO,HUANCANE,VILQUE CHICO,165,1040,2091
210701,PUNO,LAMPA,LAMPA,502,787,2342
210702,PUNO,LAMPA,CABANILLA,295,674,874
210703,PUNO,LAMPA,CALAPUJA,65,196,315
210704,PUNO,LAMPA,NICASIO,84,146,1163
210705,PUNO,LAMPA,OCUVIRI,73,205,464
210706,PUNO,LAMPA,PALCA,106,118,655
210707,PUNO,LAMPA,PARATIA,153,177,671
210708,PUNO,LAMPA,PUCARA,151,279,1827
210709,PUNO,LAMPA,SANTA LUCIA,339,807,921
210710,PUNO,LAMPA,VILAVILA,41,108,336
210801,PUNO,MELGAR,AYAVIRI,1999,3828,2892
210802,PUNO,MELGAR,ANTAUTA,520,580,509
210803,PUNO,MELGAR,CUPI,90,234,488
210804,PUNO,MELGAR,LLALLI,80,321,578
210805,PUNO,MELGAR,MACARI,251,799,1352
210806,PUNO,MELGAR,NUNOA,295,1077,1573
210807,PUNO,MELGAR,ORURILLO,206,787,1961
210808,PUNO,MELGAR,SANTA ROSA,161,552,1293
210809,PUNO,MELGAR,UMACHIRI,127,360,622
210901,PUNO,MOHO,MOHO,280,1206,3504
210902,PUNO,MOHO,CONIMA,69,300,1063
210903,PUNO,MOHO,HUAYRAPATA,27,93,803
210904,PUNO,MOHO,TILALI,31,451,584
211001,PUNO,SAN ANTONIO DE PUTINA,PUTINA,1113,2371,1509
211002,PUNO,SAN ANTONIO DE PUTINA,ANANEA,366,255,890
211003,PUNO,SAN ANTONIO DE PUTINA,PEDRO VILCA APAZA,46,199,667
211004,PUNO,SAN ANTONIO DE PUTINA,QUILCAPUNCU,49,397,1171
211005,PUNO,SAN ANTONIO DE PUTINA,SINA,52,73,385
211101,PUNO,SAN ROMAN,JULIACA,24814,21779,8102
211102,PUNO,SAN ROMAN,CABANA,399,695,821
211103,PUNO,SAN ROMAN,CABANILLAS,375,690,550
211104,PUNO,SAN ROMAN,CARACOTO,375,1710,792
211105,PUNO,SAN ROMAN,SAN MIGUEL,3831,10594,4186
211201,PUNO,SANDIA,SANDIA,477,1080,1847
211202,PUNO,SANDIA,CUYOCUYO,136,518,1031
211203,PUNO,SANDIA,LIMBANI,178,253,483
211204,PUNO,SANDIA,PATAMBUCO,237,382,1226
211205,PUNO,SANDIA,PHARA,365,560,609
211206,PUNO,SANDIA,QUIACA,94,150,605
211207,PUNO,SANDIA,SAN JUAN DEL ORO,79,647,865
211208,PUNO,SANDIA,YANAHUAYA,96,257,432
211209,PUNO,SANDIA,ALTO INAMBARI,284,1138,1195
211210,PUNO,SANDIA,SAN PEDRO DE PUTINA PUNCO,225,434,1383
211301,PUNO,YUNGUYO,YUNGUYO,1564,2883,2088
211302,PUNO,YUNGUYO,ANAPIA,1,82,285
211303,PUNO,YUNGUYO,COPANI,147,737,845
211304,PUNO,YUNGUYO,CUTURAPI,42,143,217
211305,PUNO,YUNGUYO,OLLARAYA,48,553,219
211306,PUNO,YUNGUYO,TINICACHI,22,116,76
211307,PUNO,YUNGUYO,UNICACHI,44,136,208
220101,SAN MARTIN,MOYOBAMBA,MOYOBAMBA,44432,91136,127603
220102,SAN MARTIN,MOYOBAMBA,CALZADA,44432,91136,127603
220103,SAN MARTIN,MOYOBAMBA,HABANA,44432,91136,127603
220104,SAN MARTIN,MOYOBAMBA,JEPELACIO,495,2863,2768
220105,SAN MARTIN,MOYOBAMBA,SORITOR,1013,3063,3556
220106,SAN MARTIN,MOYOBAMBA,YANTALO,137,607,532
220201,SAN MARTIN,BELLAVISTA,BELLAVISTA,1525,2017,1853
220202,SAN MARTIN,BELLAVISTA,ALTO BIAVO,154,1217,2579
220203,SAN MARTIN,BELLAVISTA,BAJO BIAVO,156,1957,2703
220204,SAN MARTIN,BELLAVISTA,HUALLAGA,32,331,565
220205,SAN MARTIN,BELLAVISTA,SAN PABLO,180,1049,2194
220206,SAN MARTIN,BELLAVISTA,SAN RAFAEL,484,812,318
220301,SAN MARTIN,EL DORADO,SAN JOSE DE SISA,483,1341,3613
220302,SAN MARTIN,EL DORADO,AGUA BLANCA,50,393,496
220303,SAN MARTIN,EL DORADO,SAN MARTIN,172,970,2980
220304,SAN MARTIN,EL DORADO,SANTA ROSA,125,1160,1726
220305,SAN MARTIN,EL DORADO,SHATOJA,78,388,472
220401,SAN MARTIN,HUALLAGA,SAPOSOA,786,1392,3180
220402,SAN MARTIN,HUALLAGA,ALTO SAPOSOA,41,759,638
220403,SAN MARTIN,HUALLAGA,EL ESLABON,83,408,460
220404,SAN MARTIN,HUALLAGA,PISCOYACU,120,488,753
220405,SAN MARTIN,HUALLAGA,SACANCHE,117,379,308
220406,SAN MARTIN,HUALLAGA,TINGO DE SAPOSOA,22,195,58
220501,SAN MARTIN,LAMAS,LAMAS,411,186,4333
220502,SAN MARTIN,LAMAS,ALONSO DE ALVARADO,146,2131,2878
220503,SAN MARTIN,LAMAS,BARRANQUITA,113,816,1321
220504,SAN MARTIN,LAMAS,CAYNARACHI,175,618,1996
220505,SAN MARTIN,LAMAS,CUNUMBUQUI,72,745,1052
220506,SAN MARTIN,LAMAS,PINTO RECODO,142,1143,1842
220507,SAN MARTIN,LAMAS,RUMISAPA,121,135,1064
220508,SAN MARTIN,LAMAS,SAN ROQUE DE CUMBAZA,26,224,387
220509,SAN MARTIN,LAMAS,SHANAO,50,191,617
220510,SAN MARTIN,LAMAS,TABALOSOS,484,1874,2671
220511,SAN MARTIN,LAMAS,ZAPATERO,74,397,1873
220601,SAN MARTIN,MARISCAL CACERES,JUANJUI,1828,2256,5001
220602,SAN MARTIN,MARISCAL CACERES,CAMPANILLA,340,1826,1613
220603,SAN MARTIN,MARISCAL CACERES,HUICUNGO,217,1586,1606
220604,SAN MARTIN,MARISCAL CACERES,PACHIZA,73,1068,1257
220605,SAN MARTIN,MARISCAL CACERES,PAJARILLO,161,957,1069
220701,SAN MARTIN,PICOTA,PICOTA,469,1146,1134
220702,SAN MARTIN,PICOTA,BUENOS AIRES,51,544,622
220703,SAN MARTIN,PICOTA,CASPISAPA,102,439,175
220704,SAN MARTIN,PICOTA,PILLUANA,19,268,64
220705,SAN MARTIN,PICOTA,PUCACACA,221,748,272
220706,SAN MARTIN,PICOTA,SAN CRISTOBAL,42,177,123
220707,SAN MARTIN,PICOTA,SAN HILARION,130,336,778
220708,SAN MARTIN,PICOTA,SHAMBOYACU,74,507,2833
220709,SAN MARTIN,PICOTA,TINGO DE PONASA,26,167,1528
220710,SAN MARTIN,PICOTA,TRES UNIDOS,83,1089,455
220801,SAN MARTIN,RIOJA,RIOJA,3537,2544,2256
220802,SAN MARTIN,RIOJA,AWAJUN,234,718,2549
220803,SAN MARTIN,RIOJA,ELIAS SOPLIN VARGAS,995,2397,2366
220804,SAN MARTIN,RIOJA,NUEVA CAJAMARCA,5667,6214,6224
220805,SAN MARTIN,RIOJA,PARDO MIGUEL,347,2755,2784
220806,SAN MARTIN,RIOJA,POSIC,158,384,205
220807,SAN MARTIN,RIOJA,SAN FERNANDO,193,459,436
220808,SAN MARTIN,RIOJA,YORONGOS,58,730,256
220809,SAN MARTIN,RIOJA,YURACYACU,163,492,567
220901,SAN MARTIN,SAN MARTIN,TARAPOTO,3098,4299,3652
220902,SAN MARTIN,SAN MARTIN,ALBERTO LEVEAU,23,193,100
220903,SAN MARTIN,SAN MARTIN,CACATACHI,250,440,424
220904,SAN MARTIN,SAN MARTIN,CHAZUTA,103,155,2518
220905,SAN MARTIN,SAN MARTIN,CHIPURANA,21,578,304
220906,SAN MARTIN,SAN MARTIN,EL PORVENIR,38,591,373
220907,SAN MARTIN,SAN MARTIN,HUIMBAYOC,31,786,501
220908,SAN MARTIN,SAN MARTIN,JUAN GUERRA,456,405,234
220909,SAN MARTIN,SAN MARTIN,LA BANDA DE SHILCAYO,6655,3744,3653
220910,SAN MARTIN,SAN MARTIN,MORALES,1641,2091,3036
220911,SAN MARTIN,SAN MARTIN,PAPAPLAYA,46,463,426
220912,SAN MARTIN,SAN MARTIN,SAN ANTONIO,160,323,208
220913,SAN MARTIN,SAN MARTIN,SAUCE,181,1022,1334
220914,SAN MARTIN,SAN MARTIN,SHAPAJA,25,364,84
221001,SAN MARTIN,TOCACHE,TOCACHE,2012,3714,5377
221002,SAN MARTIN,TOCACHE,NUEVO PROGRESO,281,900,2794
221003,SAN MARTIN,TOCACHE,POLVORA,526,1989,1730
221004,SAN MARTIN,TOCACHE,SHUNTE,27,395,445
221005,SAN MARTIN,TOCACHE,UCHIZA,476,1670,3283
,SAN MARTIN,TOCACHE,SANTA LUCIA,72,347,693
230101,TACNA,TACNA,TACNA,10459,13097,540
230102,TACNA,TACNA,ALTO DE LA ALIANZA,4349,6625,443
230103,TACNA,TACNA,CALANA,455,454,186
230104,TACNA,TACNA,CIUDAD NUEVA,2833,8327,724
230105,TACNA,TACNA,INCLAN,322,361,67
230106,TACNA,TACNA,PACHIA,331,240,35
230107,TACNA,TACNA,PALCA,49,261,256
230108,TACNA,TACNA,POCOLLAY,2104,4120,398
230109,TACNA,TACNA,SAMA,411,328,116
230110,TACNA,TACNA,CORONEL GREGORIO ALBARRACIN LANCHIPA,10764,24840,1561
230111,TACNA,TACNA,LA YARADA LOS PALOS,424,1605,716
230201,TACNA,CANDARAVE,CANDARAVE,85,616,272
230202,TACNA,CANDARAVE,CAIRANI,28,135,126
230203,TACNA,CANDARAVE,CAMILACA,42,196,137
230204,TACNA,CANDARAVE,CURIBAYA,34,55,31
230205,TACNA,CANDARAVE,HUANUARA,23,95,54
230206,TACNA,CANDARAVE,QUILAHUANI,28,193,208
230301,TACNA,JORGE BASADRE,LOCUMBA,204,293,100
230302,TACNA,JORGE BASADRE,ILABAYA,449,779,279
230303,TACNA,JORGE BASADRE,ITE,320,233,70
230401,TACNA,TARATA,TARATA,90,651,296
,TACNA,TARATA,HEROES ALBARRACIN (CHUCATAMANI),49,111,63
230403,TACNA,TARATA,ESTIQUE,13,66,19
230404,TACNA,TARATA,ESTIQUE-PAMPA,21,62,16
230405,TACNA,TARATA,SITAJARA,30,85,36
230406,TACNA,TARATA,SUSAPAYA,23,165,87
230407,TACNA,TARATA,TARUCACHI,10,86,68
230408,TACNA,TARATA,TICACO,31,156,142
240101,TUMBES,TUMBES,TUMBES,8606,11304,4430
240102,TUMBES,TUMBES,CORRALES,991,2810,1616
240103,TUMBES,TUMBES,LA CRUZ,309,1971,769
240104,TUMBES,TUMBES,PAMPAS DE HOSPITAL,500,964,793
240105,TUMBES,TUMBES,SAN JACINTO,358,823,1562
240106,TUMBES,TUMBES,SAN JUAN DE LA VIRGEN,281,446,658
240201,TUMBES,CONTRALMIRANTE VILLAR,ZORRITOS,435,1169,705
240202,TUMBES,CONTRALMIRANTE VILLAR,CASITAS,158,405,266
240203,TUMBES,CONTRALMIRANTE VILLAR,CANOAS DE PUNTA SAL,433,1107,559
240301,TUMBES,ZARUMILLA,ZARUMILLA,1215,3107,2874
240302,TUMBES,ZARUMILLA,AGUAS VERDES,918,2303,4795
240303,TUMBES,ZARUMILLA,MATAPALO,164,747,479
240304,TUMBES,ZARUMILLA,PAPAYAL,357,964,812
250101,UCAYALI,CORONEL PORTILLO,CALLERIA,28667,36860,83201
250102,UCAYALI,CORONEL PORTILLO,CAMPOVERDE,1764,1729,1655
250103,UCAYALI,CORONEL PORTILLO,IPARIA,149,119,5160
250104,UCAYALI,CORONEL PORTILLO,MASISEA,199,226,2688
250105,UCAYALI,CORONEL PORTILLO,YARINACOCHA,3945,6729,14425
250106,UCAYALI,CORONEL PORTILLO,NUEVA REQUENA,313,909,1429
250107,UCAYALI,CORONEL PORTILLO,MANANTAY,7395,8894,10181
250201,UCAYALI,ATALAYA,RAYMONDI,999,1037,11903
250202,UCAYALI,ATALAYA,SEPAHUA,272,351,2911
250203,UCAYALI,ATALAYA,TAHUANIA,157,198,3093
250204,UCAYALI,ATALAYA,YURUA,41,1,709
250301,UCAYALI,PADRE ABAD,PADRE ABAD,2441,1977,2721
250302,UCAYALI,PADRE ABAD,IRAZOLA,784,969,2239
250303,UCAYALI,PADRE ABAD,CURIMANA,134,1187,2479
250304,UCAYALI,PADRE ABAD,NESHUYA,265,1154,856
250305,UCAYALI,PADRE ABAD,ALEXANDER VON HUMBOLDT,151,547,1859
,UCAYALI,PADRE ABAD,HUIPOCA,47,182,688
,UCAYALI,PADRE ABAD,BOQUERON,54,246,113
250401,UCAYALI,PURUS,PURUS,93,1016,248
